"id","year","state_name","state_code","mode_of_transport","offenders","victims"
0,"2018","Andaman And Nicobar Islands","35","Animal Drawn Vehicle",0.0,0.0
1,"2018","Andaman And Nicobar Islands","35","Bicycle",0.0,0.0
2,"2018","Andaman And Nicobar Islands","35","Bus",0.0,4.0
3,"2018","Andaman And Nicobar Islands","35","Car",0.0,0.0
4,"2018","Andaman And Nicobar Islands","35","Hand Drawn Vehicle/ Cycle Rickshaw",0.0,0.0
5,"2018","Andaman And Nicobar Islands","35","Jeep",0.0,3.0
6,"2018","Andaman And Nicobar Islands","35","Other Motor Vehicles",0.0,0.0
7,"2018","Andaman And Nicobar Islands","35","Others",0.0,0.0
8,"2018","Andaman And Nicobar Islands","35","Pedestrian",0.0,0.0
9,"2018","Andaman And Nicobar Islands","35","Suv/Station Wagon/Etc.",0.0,1.0
10,"2018","Andaman And Nicobar Islands","35","Three Wheeler/Auto Rickshaw",0.0,1.0
11,"2018","Andaman And Nicobar Islands","35","Tractor",0.0,0.0
12,"2018","Andaman And Nicobar Islands","35","Truck/Lorry",0.0,5.0
13,"2018","Andaman And Nicobar Islands","35","Two Wheeler",0.0,5.0
14,"2018","Andhra Pradesh","28","Animal Drawn Vehicle",4.0,12.0
15,"2018","Andhra Pradesh","28","Bicycle",44.0,37.0
16,"2018","Andhra Pradesh","28","Bus",101.0,340.0
17,"2018","Andhra Pradesh","28","Car",223.0,488.0
18,"2018","Andhra Pradesh","28","Hand Drawn Vehicle/ Cycle Rickshaw",0.0,0.0
19,"2018","Andhra Pradesh","28","Jeep",14.0,28.0
20,"2018","Andhra Pradesh","28","Other Motor Vehicles",43.0,218.0
21,"2018","Andhra Pradesh","28","Others",70.0,163.0
22,"2018","Andhra Pradesh","28","Pedestrian",89.0,583.0
23,"2018","Andhra Pradesh","28","Suv/Station Wagon/Etc.",12.0,112.0
24,"2018","Andhra Pradesh","28","Three Wheeler/Auto Rickshaw",195.0,515.0
25,"2018","Andhra Pradesh","28","Tractor",95.0,261.0
26,"2018","Andhra Pradesh","28","Truck/Lorry",373.0,727.0
27,"2018","Andhra Pradesh","28","Two Wheeler",1698.0,1139.0
28,"2018","Arunachal Pradesh","12","Animal Drawn Vehicle",0.0,0.0
29,"2018","Arunachal Pradesh","12","Bicycle",0.0,0.0
30,"2018","Arunachal Pradesh","12","Bus",0.0,1.0
31,"2018","Arunachal Pradesh","12","Car",28.0,10.0
32,"2018","Arunachal Pradesh","12","Hand Drawn Vehicle/ Cycle Rickshaw",0.0,0.0
33,"2018","Arunachal Pradesh","12","Jeep",2.0,1.0
34,"2018","Arunachal Pradesh","12","Other Motor Vehicles",24.0,0.0
35,"2018","Arunachal Pradesh","12","Others",3.0,0.0
36,"2018","Arunachal Pradesh","12","Pedestrian",0.0,0.0
37,"2018","Arunachal Pradesh","12","Suv/Station Wagon/Etc.",22.0,8.0
38,"2018","Arunachal Pradesh","12","Three Wheeler/Auto Rickshaw",1.0,1.0
39,"2018","Arunachal Pradesh","12","Tractor",1.0,4.0
40,"2018","Arunachal Pradesh","12","Truck/Lorry",22.0,14.0
41,"2018","Arunachal Pradesh","12","Two Wheeler",14.0,7.0
42,"2018","Assam","18","Animal Drawn Vehicle",0.0,0.0
43,"2018","Assam","18","Bicycle",77.0,28.0
44,"2018","Assam","18","Bus",67.0,146.0
45,"2018","Assam","18","Car",154.0,320.0
46,"2018","Assam","18","Hand Drawn Vehicle/ Cycle Rickshaw",0.0,0.0
47,"2018","Assam","18","Jeep",5.0,4.0
48,"2018","Assam","18","Other Motor Vehicles",31.0,39.0
49,"2018","Assam","18","Others",13.0,69.0
50,"2018","Assam","18","Pedestrian",20.0,159.0
51,"2018","Assam","18","Suv/Station Wagon/Etc.",140.0,69.0
52,"2018","Assam","18","Three Wheeler/Auto Rickshaw",58.0,83.0
53,"2018","Assam","18","Tractor",10.0,35.0
54,"2018","Assam","18","Truck/Lorry",190.0,215.0
55,"2018","Assam","18","Two Wheeler",328.0,452.0
56,"2018","Bihar","10","Animal Drawn Vehicle",1.0,0.0
57,"2018","Bihar","10","Bicycle",77.0,7.0
58,"2018","Bihar","10","Bus",535.0,206.0
59,"2018","Bihar","10","Car",416.0,202.0
60,"2018","Bihar","10","Hand Drawn Vehicle/ Cycle Rickshaw",2.0,0.0
61,"2018","Bihar","10","Jeep",418.0,41.0
62,"2018","Bihar","10","Other Motor Vehicles",14.0,25.0
63,"2018","Bihar","10","Others",31.0,52.0
64,"2018","Bihar","10","Pedestrian",95.0,182.0
65,"2018","Bihar","10","Suv/Station Wagon/Etc.",307.0,169.0
66,"2018","Bihar","10","Three Wheeler/Auto Rickshaw",332.0,202.0
67,"2018","Bihar","10","Tractor",132.0,69.0
68,"2018","Bihar","10","Truck/Lorry",587.0,358.0
69,"2018","Bihar","10","Two Wheeler",1528.0,741.0
70,"2018","Chandigarh","4","Animal Drawn Vehicle",0.0,0.0
71,"2018","Chandigarh","4","Bicycle",0.0,0.0
72,"2018","Chandigarh","4","Bus",0.0,2.0
73,"2018","Chandigarh","4","Car",4.0,39.0
74,"2018","Chandigarh","4","Hand Drawn Vehicle/ Cycle Rickshaw",0.0,0.0
75,"2018","Chandigarh","4","Jeep",0.0,3.0
76,"2018","Chandigarh","4","Other Motor Vehicles",0.0,1.0
77,"2018","Chandigarh","4","Others",0.0,2.0
78,"2018","Chandigarh","4","Pedestrian",0.0,3.0
79,"2018","Chandigarh","4","Suv/Station Wagon/Etc.",2.0,19.0
80,"2018","Chandigarh","4","Three Wheeler/Auto Rickshaw",0.0,15.0
81,"2018","Chandigarh","4","Tractor",0.0,0.0
82,"2018","Chandigarh","4","Truck/Lorry",0.0,4.0
83,"2018","Chandigarh","4","Two Wheeler",3.0,4.0
84,"2018","Chhattisgarh","22","Animal Drawn Vehicle",1.0,0.0
85,"2018","Chhattisgarh","22","Bicycle",60.0,41.0
86,"2018","Chhattisgarh","22","Bus",71.0,120.0
87,"2018","Chhattisgarh","22","Car",205.0,199.0
88,"2018","Chhattisgarh","22","Hand Drawn Vehicle/ Cycle Rickshaw",2.0,6.0
89,"2018","Chhattisgarh","22","Jeep",29.0,77.0
90,"2018","Chhattisgarh","22","Other Motor Vehicles",77.0,189.0
91,"2018","Chhattisgarh","22","Others",100.0,74.0
92,"2018","Chhattisgarh","22","Pedestrian",27.0,190.0
93,"2018","Chhattisgarh","22","Suv/Station Wagon/Etc.",42.0,105.0
94,"2018","Chhattisgarh","22","Three Wheeler/Auto Rickshaw",39.0,42.0
95,"2018","Chhattisgarh","22","Tractor",81.0,176.0
96,"2018","Chhattisgarh","22","Truck/Lorry",373.0,537.0
97,"2018","Chhattisgarh","22","Two Wheeler",1029.0,701.0
98,"2018","Delhi","7","Animal Drawn Vehicle",0.0,3.0
99,"2018","Delhi","7","Bicycle",0.0,19.0
100,"2018","Delhi","7","Bus",28.0,81.0
101,"2018","Delhi","7","Car",163.0,279.0
102,"2018","Delhi","7","Hand Drawn Vehicle/ Cycle Rickshaw",0.0,1.0
103,"2018","Delhi","7","Jeep",2.0,7.0
104,"2018","Delhi","7","Other Motor Vehicles",17.0,75.0
105,"2018","Delhi","7","Others",14.0,71.0
106,"2018","Delhi","7","Pedestrian",11.0,54.0
107,"2018","Delhi","7","Suv/Station Wagon/Etc.",9.0,31.0
108,"2018","Delhi","7","Three Wheeler/Auto Rickshaw",21.0,73.0
109,"2018","Delhi","7","Tractor",1.0,4.0
110,"2018","Delhi","7","Truck/Lorry",68.0,204.0
111,"2018","Delhi","7","Two Wheeler",132.0,366.0
112,"2018","Goa","30","Animal Drawn Vehicle",0.0,0.0
113,"2018","Goa","30","Bicycle",0.0,3.0
114,"2018","Goa","30","Bus",0.0,3.0
115,"2018","Goa","30","Car",7.0,17.0
116,"2018","Goa","30","Hand Drawn Vehicle/ Cycle Rickshaw",0.0,0.0
117,"2018","Goa","30","Jeep",0.0,2.0
118,"2018","Goa","30","Other Motor Vehicles",0.0,0.0
119,"2018","Goa","30","Others",0.0,0.0
120,"2018","Goa","30","Pedestrian",4.0,32.0
121,"2018","Goa","30","Suv/Station Wagon/Etc.",1.0,2.0
122,"2018","Goa","30","Three Wheeler/Auto Rickshaw",0.0,0.0
123,"2018","Goa","30","Tractor",0.0,0.0
124,"2018","Goa","30","Truck/Lorry",3.0,6.0
125,"2018","Goa","30","Two Wheeler",91.0,93.0
126,"2018","Gujarat","24","Animal Drawn Vehicle",1.0,1.0
127,"2018","Gujarat","24","Bicycle",24.0,84.0
128,"2018","Gujarat","24","Bus",43.0,206.0
129,"2018","Gujarat","24","Car",301.0,940.0
130,"2018","Gujarat","24","Hand Drawn Vehicle/ Cycle Rickshaw",5.0,0.0
131,"2018","Gujarat","24","Jeep",79.0,242.0
132,"2018","Gujarat","24","Other Motor Vehicles",26.0,54.0
133,"2018","Gujarat","24","Others",10.0,41.0
134,"2018","Gujarat","24","Pedestrian",7.0,660.0
135,"2018","Gujarat","24","Suv/Station Wagon/Etc.",67.0,326.0
136,"2018","Gujarat","24","Three Wheeler/Auto Rickshaw",119.0,405.0
137,"2018","Gujarat","24","Tractor",24.0,99.0
138,"2018","Gujarat","24","Truck/Lorry",312.0,1009.0
139,"2018","Gujarat","24","Two Wheeler",881.0,2074.0
140,"2018","Haryana","6","Animal Drawn Vehicle",2.0,24.0
141,"2018","Haryana","6","Bicycle",11.0,60.0
142,"2018","Haryana","6","Bus",15.0,165.0
143,"2018","Haryana","6","Car",134.0,823.0
144,"2018","Haryana","6","Hand Drawn Vehicle/ Cycle Rickshaw",2.0,7.0
145,"2018","Haryana","6","Jeep",11.0,99.0
146,"2018","Haryana","6","Other Motor Vehicles",52.0,132.0
147,"2018","Haryana","6","Others",88.0,168.0
148,"2018","Haryana","6","Pedestrian",46.0,640.0
149,"2018","Haryana","6","Suv/Station Wagon/Etc.",18.0,227.0
150,"2018","Haryana","6","Three Wheeler/Auto Rickshaw",27.0,167.0
151,"2018","Haryana","6","Tractor",14.0,135.0
152,"2018","Haryana","6","Truck/Lorry",184.0,685.0
153,"2018","Haryana","6","Two Wheeler",432.0,1061.0
154,"2018","Himachal Pradesh","2","Animal Drawn Vehicle",0.0,1.0
155,"2018","Himachal Pradesh","2","Bicycle",2.0,5.0
156,"2018","Himachal Pradesh","2","Bus",14.0,92.0
157,"2018","Himachal Pradesh","2","Car",126.0,209.0
158,"2018","Himachal Pradesh","2","Hand Drawn Vehicle/ Cycle Rickshaw",0.0,3.0
159,"2018","Himachal Pradesh","2","Jeep",37.0,72.0
160,"2018","Himachal Pradesh","2","Other Motor Vehicles",4.0,1.0
161,"2018","Himachal Pradesh","2","Others",1.0,3.0
162,"2018","Himachal Pradesh","2","Pedestrian",1.0,30.0
163,"2018","Himachal Pradesh","2","Suv/Station Wagon/Etc.",24.0,22.0
164,"2018","Himachal Pradesh","2","Three Wheeler/Auto Rickshaw",2.0,3.0
165,"2018","Himachal Pradesh","2","Tractor",32.0,13.0
166,"2018","Himachal Pradesh","2","Truck/Lorry",39.0,82.0
167,"2018","Himachal Pradesh","2","Two Wheeler",156.0,103.0
168,"2018","Jammu And Kashmir","1","Animal Drawn Vehicle",0.0,0.0
169,"2018","Jammu And Kashmir","1","Bicycle",0.0,0.0
170,"2018","Jammu And Kashmir","1","Bus",59.0,57.0
171,"2018","Jammu And Kashmir","1","Car",106.0,125.0
172,"2018","Jammu And Kashmir","1","Hand Drawn Vehicle/ Cycle Rickshaw",0.0,0.0
173,"2018","Jammu And Kashmir","1","Jeep",3.0,5.0
174,"2018","Jammu And Kashmir","1","Other Motor Vehicles",58.0,35.0
175,"2018","Jammu And Kashmir","1","Others",2.0,6.0
176,"2018","Jammu And Kashmir","1","Pedestrian",6.0,52.0
177,"2018","Jammu And Kashmir","1","Suv/Station Wagon/Etc.",28.0,50.0
178,"2018","Jammu And Kashmir","1","Three Wheeler/Auto Rickshaw",11.0,15.0
179,"2018","Jammu And Kashmir","1","Tractor",9.0,16.0
180,"2018","Jammu And Kashmir","1","Truck/Lorry",66.0,62.0
181,"2018","Jammu And Kashmir","1","Two Wheeler",127.0,88.0
182,"2018","Jharkhand","20","Animal Drawn Vehicle",0.0,0.0
183,"2018","Jharkhand","20","Bicycle",19.0,24.0
184,"2018","Jharkhand","20","Bus",93.0,241.0
185,"2018","Jharkhand","20","Car",174.0,188.0
186,"2018","Jharkhand","20","Hand Drawn Vehicle/ Cycle Rickshaw",0.0,0.0
187,"2018","Jharkhand","20","Jeep",114.0,69.0
188,"2018","Jharkhand","20","Other Motor Vehicles",5.0,0.0
189,"2018","Jharkhand","20","Others",0.0,0.0
190,"2018","Jharkhand","20","Pedestrian",29.0,34.0
191,"2018","Jharkhand","20","Suv/Station Wagon/Etc.",87.0,79.0
192,"2018","Jharkhand","20","Three Wheeler/Auto Rickshaw",222.0,135.0
193,"2018","Jharkhand","20","Tractor",42.0,26.0
194,"2018","Jharkhand","20","Truck/Lorry",202.0,186.0
195,"2018","Jharkhand","20","Two Wheeler",900.0,673.0
196,"2018","Karnataka","29","Animal Drawn Vehicle",0.0,1.0
197,"2018","Karnataka","29","Bicycle",0.0,13.0
198,"2018","Karnataka","29","Bus",123.0,617.0
199,"2018","Karnataka","29","Car",505.0,1034.0
200,"2018","Karnataka","29","Hand Drawn Vehicle/ Cycle Rickshaw",0.0,0.0
201,"2018","Karnataka","29","Jeep",152.0,80.0
202,"2018","Karnataka","29","Other Motor Vehicles",84.0,162.0
203,"2018","Karnataka","29","Others",225.0,124.0
204,"2018","Karnataka","29","Pedestrian",4.0,719.0
205,"2018","Karnataka","29","Suv/Station Wagon/Etc.",63.0,111.0
206,"2018","Karnataka","29","Three Wheeler/Auto Rickshaw",194.0,374.0
207,"2018","Karnataka","29","Tractor",78.0,154.0
208,"2018","Karnataka","29","Truck/Lorry",438.0,715.0
209,"2018","Karnataka","29","Two Wheeler",2545.0,2475.0
210,"2018","Kerala","32","Animal Drawn Vehicle",0.0,1.0
211,"2018","Kerala","32","Bicycle",6.0,64.0
212,"2018","Kerala","32","Bus",37.0,177.0
213,"2018","Kerala","32","Car",79.0,361.0
214,"2018","Kerala","32","Hand Drawn Vehicle/ Cycle Rickshaw",1.0,3.0
215,"2018","Kerala","32","Jeep",6.0,39.0
216,"2018","Kerala","32","Other Motor Vehicles",6.0,18.0
217,"2018","Kerala","32","Others",0.0,34.0
218,"2018","Kerala","32","Pedestrian",18.0,915.0
219,"2018","Kerala","32","Suv/Station Wagon/Etc.",6.0,26.0
220,"2018","Kerala","32","Three Wheeler/Auto Rickshaw",29.0,184.0
221,"2018","Kerala","32","Tractor",1.0,5.0
222,"2018","Kerala","32","Truck/Lorry",62.0,173.0
223,"2018","Kerala","32","Two Wheeler",236.0,1816.0
224,"2018","Lakshadweep","31","Animal Drawn Vehicle",0.0,0.0
225,"2018","Lakshadweep","31","Bicycle",0.0,0.0
226,"2018","Lakshadweep","31","Bus",0.0,0.0
227,"2018","Lakshadweep","31","Car",0.0,0.0
228,"2018","Lakshadweep","31","Hand Drawn Vehicle/ Cycle Rickshaw",0.0,0.0
229,"2018","Lakshadweep","31","Jeep",0.0,0.0
230,"2018","Lakshadweep","31","Other Motor Vehicles",0.0,0.0
231,"2018","Lakshadweep","31","Others",0.0,0.0
232,"2018","Lakshadweep","31","Pedestrian",0.0,0.0
233,"2018","Lakshadweep","31","Suv/Station Wagon/Etc.",0.0,0.0
234,"2018","Lakshadweep","31","Three Wheeler/Auto Rickshaw",0.0,0.0
235,"2018","Lakshadweep","31","Tractor",0.0,0.0
236,"2018","Lakshadweep","31","Truck/Lorry",0.0,0.0
237,"2018","Lakshadweep","31","Two Wheeler",1.0,0.0
238,"2018","Madhya Pradesh","23","Animal Drawn Vehicle",7.0,11.0
239,"2018","Madhya Pradesh","23","Bicycle",47.0,116.0
240,"2018","Madhya Pradesh","23","Bus",186.0,463.0
241,"2018","Madhya Pradesh","23","Car",482.0,729.0
242,"2018","Madhya Pradesh","23","Hand Drawn Vehicle/ Cycle Rickshaw",0.0,3.0
243,"2018","Madhya Pradesh","23","Jeep",151.0,290.0
244,"2018","Madhya Pradesh","23","Other Motor Vehicles",61.0,397.0
245,"2018","Madhya Pradesh","23","Others",67.0,226.0
246,"2018","Madhya Pradesh","23","Pedestrian",113.0,879.0
247,"2018","Madhya Pradesh","23","Suv/Station Wagon/Etc.",171.0,296.0
248,"2018","Madhya Pradesh","23","Three Wheeler/Auto Rickshaw",97.0,176.0
249,"2018","Madhya Pradesh","23","Tractor",210.0,451.0
250,"2018","Madhya Pradesh","23","Truck/Lorry",503.0,1018.0
251,"2018","Madhya Pradesh","23","Two Wheeler",1935.0,2342.0
252,"2018","Maharashtra","27","Animal Drawn Vehicle",14.0,6.0
253,"2018","Maharashtra","27","Bicycle",34.0,43.0
254,"2018","Maharashtra","27","Bus",98.0,446.0
255,"2018","Maharashtra","27","Car",414.0,962.0
256,"2018","Maharashtra","27","Hand Drawn Vehicle/ Cycle Rickshaw",1.0,6.0
257,"2018","Maharashtra","27","Jeep",138.0,396.0
258,"2018","Maharashtra","27","Other Motor Vehicles",90.0,196.0
259,"2018","Maharashtra","27","Others",41.0,111.0
260,"2018","Maharashtra","27","Pedestrian",81.0,1140.0
261,"2018","Maharashtra","27","Suv/Station Wagon/Etc.",107.0,232.0
262,"2018","Maharashtra","27","Three Wheeler/Auto Rickshaw",147.0,473.0
263,"2018","Maharashtra","27","Tractor",80.0,198.0
264,"2018","Maharashtra","27","Truck/Lorry",611.0,1409.0
265,"2018","Maharashtra","27","Two Wheeler",2838.0,3551.0
266,"2018","Manipur","14","Animal Drawn Vehicle",0.0,0.0
267,"2018","Manipur","14","Bicycle",0.0,1.0
268,"2018","Manipur","14","Bus",1.0,3.0
269,"2018","Manipur","14","Car",7.0,21.0
270,"2018","Manipur","14","Hand Drawn Vehicle/ Cycle Rickshaw",0.0,0.0
271,"2018","Manipur","14","Jeep",2.0,0.0
272,"2018","Manipur","14","Other Motor Vehicles",0.0,3.0
273,"2018","Manipur","14","Others",0.0,2.0
274,"2018","Manipur","14","Pedestrian",0.0,11.0
275,"2018","Manipur","14","Suv/Station Wagon/Etc.",0.0,0.0
276,"2018","Manipur","14","Three Wheeler/Auto Rickshaw",2.0,3.0
277,"2018","Manipur","14","Tractor",0.0,0.0
278,"2018","Manipur","14","Truck/Lorry",8.0,32.0
279,"2018","Manipur","14","Two Wheeler",22.0,17.0
280,"2018","Meghalaya","17","Animal Drawn Vehicle",0.0,0.0
281,"2018","Meghalaya","17","Bicycle",0.0,1.0
282,"2018","Meghalaya","17","Bus",4.0,1.0
283,"2018","Meghalaya","17","Car",18.0,24.0
284,"2018","Meghalaya","17","Hand Drawn Vehicle/ Cycle Rickshaw",0.0,0.0
285,"2018","Meghalaya","17","Jeep",2.0,0.0
286,"2018","Meghalaya","17","Other Motor Vehicles",1.0,0.0
287,"2018","Meghalaya","17","Others",0.0,1.0
288,"2018","Meghalaya","17","Pedestrian",3.0,4.0
289,"2018","Meghalaya","17","Suv/Station Wagon/Etc.",10.0,11.0
290,"2018","Meghalaya","17","Three Wheeler/Auto Rickshaw",9.0,8.0
291,"2018","Meghalaya","17","Tractor",1.0,0.0
292,"2018","Meghalaya","17","Truck/Lorry",42.0,23.0
293,"2018","Meghalaya","17","Two Wheeler",19.0,14.0
294,"2018","Mizoram","15","Animal Drawn Vehicle",0.0,0.0
295,"2018","Mizoram","15","Bicycle",0.0,0.0
296,"2018","Mizoram","15","Bus",11.0,0.0
297,"2018","Mizoram","15","Car",6.0,5.0
298,"2018","Mizoram","15","Hand Drawn Vehicle/ Cycle Rickshaw",0.0,0.0
299,"2018","Mizoram","15","Jeep",1.0,2.0
300,"2018","Mizoram","15","Other Motor Vehicles",2.0,0.0
301,"2018","Mizoram","15","Others",0.0,0.0
302,"2018","Mizoram","15","Pedestrian",0.0,0.0
303,"2018","Mizoram","15","Suv/Station Wagon/Etc.",3.0,4.0
304,"2018","Mizoram","15","Three Wheeler/Auto Rickshaw",4.0,4.0
305,"2018","Mizoram","15","Tractor",0.0,0.0
306,"2018","Mizoram","15","Truck/Lorry",5.0,5.0
307,"2018","Mizoram","15","Two Wheeler",9.0,1.0
308,"2018","Nagaland","13","Animal Drawn Vehicle",0.0,0.0
309,"2018","Nagaland","13","Bicycle",0.0,0.0
310,"2018","Nagaland","13","Bus",0.0,0.0
311,"2018","Nagaland","13","Car",10.0,2.0
312,"2018","Nagaland","13","Hand Drawn Vehicle/ Cycle Rickshaw",0.0,0.0
313,"2018","Nagaland","13","Jeep",0.0,1.0
314,"2018","Nagaland","13","Other Motor Vehicles",0.0,0.0
315,"2018","Nagaland","13","Others",0.0,0.0
316,"2018","Nagaland","13","Pedestrian",1.0,0.0
317,"2018","Nagaland","13","Suv/Station Wagon/Etc.",1.0,4.0
318,"2018","Nagaland","13","Three Wheeler/Auto Rickshaw",0.0,1.0
319,"2018","Nagaland","13","Tractor",0.0,0.0
320,"2018","Nagaland","13","Truck/Lorry",8.0,4.0
321,"2018","Nagaland","13","Two Wheeler",3.0,0.0
322,"2018","Odisha","21","Animal Drawn Vehicle",0.0,0.0
323,"2018","Odisha","21","Bicycle",79.0,53.0
324,"2018","Odisha","21","Bus",31.0,159.0
325,"2018","Odisha","21","Car",205.0,324.0
326,"2018","Odisha","21","Hand Drawn Vehicle/ Cycle Rickshaw",0.0,0.0
327,"2018","Odisha","21","Jeep",15.0,34.0
328,"2018","Odisha","21","Other Motor Vehicles",135.0,217.0
329,"2018","Odisha","21","Others",6.0,130.0
330,"2018","Odisha","21","Pedestrian",27.0,443.0
331,"2018","Odisha","21","Suv/Station Wagon/Etc.",89.0,86.0
332,"2018","Odisha","21","Three Wheeler/Auto Rickshaw",102.0,210.0
333,"2018","Odisha","21","Tractor",33.0,57.0
334,"2018","Odisha","21","Truck/Lorry",271.0,387.0
335,"2018","Odisha","21","Two Wheeler",1287.0,856.0
336,"2018","Puducherry","34","Animal Drawn Vehicle",0.0,0.0
337,"2018","Puducherry","34","Bicycle",30.0,0.0
338,"2018","Puducherry","34","Bus",5.0,0.0
339,"2018","Puducherry","34","Car",8.0,0.0
340,"2018","Puducherry","34","Hand Drawn Vehicle/ Cycle Rickshaw",0.0,0.0
341,"2018","Puducherry","34","Jeep",0.0,0.0
342,"2018","Puducherry","34","Other Motor Vehicles",0.0,0.0
343,"2018","Puducherry","34","Others",4.0,0.0
344,"2018","Puducherry","34","Pedestrian",75.0,0.0
345,"2018","Puducherry","34","Suv/Station Wagon/Etc.",0.0,0.0
346,"2018","Puducherry","34","Three Wheeler/Auto Rickshaw",4.0,0.0
347,"2018","Puducherry","34","Tractor",0.0,0.0
348,"2018","Puducherry","34","Truck/Lorry",1.0,0.0
349,"2018","Puducherry","34","Two Wheeler",99.0,0.0
350,"2018","Punjab","3","Animal Drawn Vehicle",14.0,21.0
351,"2018","Punjab","3","Bicycle",18.0,76.0
352,"2018","Punjab","3","Bus",13.0,247.0
353,"2018","Punjab","3","Car",81.0,851.0
354,"2018","Punjab","3","Hand Drawn Vehicle/ Cycle Rickshaw",7.0,7.0
355,"2018","Punjab","3","Jeep",17.0,81.0
356,"2018","Punjab","3","Other Motor Vehicles",2.0,72.0
357,"2018","Punjab","3","Others",0.0,33.0
358,"2018","Punjab","3","Pedestrian",29.0,190.0
359,"2018","Punjab","3","Suv/Station Wagon/Etc.",29.0,210.0
360,"2018","Punjab","3","Three Wheeler/Auto Rickshaw",18.0,242.0
361,"2018","Punjab","3","Tractor",9.0,50.0
362,"2018","Punjab","3","Truck/Lorry",53.0,436.0
363,"2018","Punjab","3","Two Wheeler",353.0,1579.0
364,"2018","Rajasthan","8","Animal Drawn Vehicle",1.0,6.0
365,"2018","Rajasthan","8","Bicycle",9.0,16.0
366,"2018","Rajasthan","8","Bus",193.0,438.0
367,"2018","Rajasthan","8","Car",581.0,1057.0
368,"2018","Rajasthan","8","Hand Drawn Vehicle/ Cycle Rickshaw",0.0,0.0
369,"2018","Rajasthan","8","Jeep",284.0,652.0
370,"2018","Rajasthan","8","Other Motor Vehicles",229.0,429.0
371,"2018","Rajasthan","8","Others",51.0,71.0
372,"2018","Rajasthan","8","Pedestrian",0.0,645.0
373,"2018","Rajasthan","8","Suv/Station Wagon/Etc.",143.0,269.0
374,"2018","Rajasthan","8","Three Wheeler/Auto Rickshaw",100.0,108.0
375,"2018","Rajasthan","8","Tractor",133.0,418.0
376,"2018","Rajasthan","8","Truck/Lorry",538.0,966.0
377,"2018","Rajasthan","8","Two Wheeler",1428.0,1555.0
378,"2018","Sikkim","11","Animal Drawn Vehicle",0.0,0.0
379,"2018","Sikkim","11","Bicycle",0.0,0.0
380,"2018","Sikkim","11","Bus",0.0,0.0
381,"2018","Sikkim","11","Car",12.0,1.0
382,"2018","Sikkim","11","Hand Drawn Vehicle/ Cycle Rickshaw",0.0,0.0
383,"2018","Sikkim","11","Jeep",5.0,0.0
384,"2018","Sikkim","11","Other Motor Vehicles",0.0,0.0
385,"2018","Sikkim","11","Others",1.0,0.0
386,"2018","Sikkim","11","Pedestrian",0.0,0.0
387,"2018","Sikkim","11","Suv/Station Wagon/Etc.",14.0,17.0
388,"2018","Sikkim","11","Three Wheeler/Auto Rickshaw",1.0,0.0
389,"2018","Sikkim","11","Tractor",0.0,0.0
390,"2018","Sikkim","11","Truck/Lorry",11.0,3.0
391,"2018","Sikkim","11","Two Wheeler",5.0,1.0
392,"2018","Tamil Nadu","33","Animal Drawn Vehicle",0.0,0.0
393,"2018","Tamil Nadu","33","Bicycle",82.0,59.0
394,"2018","Tamil Nadu","33","Bus",341.0,1130.0
395,"2018","Tamil Nadu","33","Car",892.0,1709.0
396,"2018","Tamil Nadu","33","Hand Drawn Vehicle/ Cycle Rickshaw",0.0,0.0
397,"2018","Tamil Nadu","33","Jeep",141.0,35.0
398,"2018","Tamil Nadu","33","Other Motor Vehicles",0.0,0.0
399,"2018","Tamil Nadu","33","Others",0.0,0.0
400,"2018","Tamil Nadu","33","Pedestrian",276.0,978.0
401,"2018","Tamil Nadu","33","Suv/Station Wagon/Etc.",66.0,225.0
402,"2018","Tamil Nadu","33","Three Wheeler/Auto Rickshaw",141.0,133.0
403,"2018","Tamil Nadu","33","Tractor",33.0,72.0
404,"2018","Tamil Nadu","33","Truck/Lorry",621.0,1317.0
405,"2018","Tamil Nadu","33","Two Wheeler",3192.0,773.0
406,"2018","Telangana","36","Animal Drawn Vehicle",0.0,1.0
407,"2018","Telangana","36","Bicycle",7.0,41.0
408,"2018","Telangana","36","Bus",44.0,382.0
409,"2018","Telangana","36","Car",154.0,853.0
410,"2018","Telangana","36","Hand Drawn Vehicle/ Cycle Rickshaw",0.0,0.0
411,"2018","Telangana","36","Jeep",0.0,22.0
412,"2018","Telangana","36","Other Motor Vehicles",14.0,102.0
413,"2018","Telangana","36","Others",0.0,2.0
414,"2018","Telangana","36","Pedestrian",0.0,360.0
415,"2018","Telangana","36","Suv/Station Wagon/Etc.",5.0,237.0
416,"2018","Telangana","36","Three Wheeler/Auto Rickshaw",53.0,380.0
417,"2018","Telangana","36","Tractor",43.0,194.0
418,"2018","Telangana","36","Truck/Lorry",137.0,744.0
419,"2018","Telangana","36","Two Wheeler",758.0,2070.0
420,"2018","The Dadra And Nagar Haveli And Daman And Diu","38","Animal Drawn Vehicle",0.0,0.0
421,"2018","The Dadra And Nagar Haveli And Daman And Diu","38","Bicycle",0.0,0.0
422,"2018","The Dadra And Nagar Haveli And Daman And Diu","38","Bus",0.0,2.0
423,"2018","The Dadra And Nagar Haveli And Daman And Diu","38","Car",0.0,9.0
424,"2018","The Dadra And Nagar Haveli And Daman And Diu","38","Hand Drawn Vehicle/ Cycle Rickshaw",0.0,0.0
425,"2018","The Dadra And Nagar Haveli And Daman And Diu","38","Jeep",1.0,0.0
426,"2018","The Dadra And Nagar Haveli And Daman And Diu","38","Other Motor Vehicles",0.0,3.0
427,"2018","The Dadra And Nagar Haveli And Daman And Diu","38","Others",0.0,0.0
428,"2018","The Dadra And Nagar Haveli And Daman And Diu","38","Pedestrian",0.0,4.0
429,"2018","The Dadra And Nagar Haveli And Daman And Diu","38","Suv/Station Wagon/Etc.",0.0,1.0
430,"2018","The Dadra And Nagar Haveli And Daman And Diu","38","Three Wheeler/Auto Rickshaw",1.0,5.0
431,"2018","The Dadra And Nagar Haveli And Daman And Diu","38","Tractor",0.0,0.0
432,"2018","The Dadra And Nagar Haveli And Daman And Diu","38","Truck/Lorry",1.0,30.0
433,"2018","The Dadra And Nagar Haveli And Daman And Diu","38","Two Wheeler",6.0,27.0
434,"2018","Tripura","16","Animal Drawn Vehicle",0.0,0.0
435,"2018","Tripura","16","Bicycle",2.0,0.0
436,"2018","Tripura","16","Bus",0.0,3.0
437,"2018","Tripura","16","Car",6.0,27.0
438,"2018","Tripura","16","Hand Drawn Vehicle/ Cycle Rickshaw",0.0,0.0
439,"2018","Tripura","16","Jeep",3.0,13.0
440,"2018","Tripura","16","Other Motor Vehicles",0.0,0.0
441,"2018","Tripura","16","Others",0.0,3.0
442,"2018","Tripura","16","Pedestrian",3.0,57.0
443,"2018","Tripura","16","Suv/Station Wagon/Etc.",0.0,0.0
444,"2018","Tripura","16","Three Wheeler/Auto Rickshaw",0.0,14.0
445,"2018","Tripura","16","Tractor",0.0,0.0
446,"2018","Tripura","16","Truck/Lorry",0.0,18.0
447,"2018","Tripura","16","Two Wheeler",22.0,41.0
448,"2018","Uttar Pradesh","9","Animal Drawn Vehicle",5.0,12.0
449,"2018","Uttar Pradesh","9","Bicycle",28.0,82.0
450,"2018","Uttar Pradesh","9","Bus",420.0,1569.0
451,"2018","Uttar Pradesh","9","Car",825.0,2271.0
452,"2018","Uttar Pradesh","9","Hand Drawn Vehicle/ Cycle Rickshaw",5.0,27.0
453,"2018","Uttar Pradesh","9","Jeep",336.0,578.0
454,"2018","Uttar Pradesh","9","Other Motor Vehicles",77.0,385.0
455,"2018","Uttar Pradesh","9","Others",97.0,177.0
456,"2018","Uttar Pradesh","9","Pedestrian",13.0,204.0
457,"2018","Uttar Pradesh","9","Suv/Station Wagon/Etc.",462.0,1096.0
458,"2018","Uttar Pradesh","9","Three Wheeler/Auto Rickshaw",294.0,896.0
459,"2018","Uttar Pradesh","9","Tractor",115.0,798.0
460,"2018","Uttar Pradesh","9","Truck/Lorry",1048.0,4247.0
461,"2018","Uttar Pradesh","9","Two Wheeler",1900.0,4574.0
462,"2018","Uttarakhand","5","Animal Drawn Vehicle",0.0,0.0
463,"2018","Uttarakhand","5","Bicycle",0.0,15.0
464,"2018","Uttarakhand","5","Bus",14.0,140.0
465,"2018","Uttarakhand","5","Car",55.0,239.0
466,"2018","Uttarakhand","5","Hand Drawn Vehicle/ Cycle Rickshaw",0.0,0.0
467,"2018","Uttarakhand","5","Jeep",5.0,5.0
468,"2018","Uttarakhand","5","Other Motor Vehicles",0.0,0.0
469,"2018","Uttarakhand","5","Others",0.0,14.0
470,"2018","Uttarakhand","5","Pedestrian",1.0,79.0
471,"2018","Uttarakhand","5","Suv/Station Wagon/Etc.",30.0,62.0
472,"2018","Uttarakhand","5","Three Wheeler/Auto Rickshaw",3.0,4.0
473,"2018","Uttarakhand","5","Tractor",0.0,23.0
474,"2018","Uttarakhand","5","Truck/Lorry",17.0,107.0
475,"2018","Uttarakhand","5","Two Wheeler",43.0,217.0
476,"2018","West Bengal","19","Animal Drawn Vehicle",0.0,0.0
477,"2018","West Bengal","19","Bicycle",35.0,35.0
478,"2018","West Bengal","19","Bus",124.0,402.0
479,"2018","West Bengal","19","Car",164.0,427.0
480,"2018","West Bengal","19","Hand Drawn Vehicle/ Cycle Rickshaw",0.0,6.0
481,"2018","West Bengal","19","Jeep",7.0,12.0
482,"2018","West Bengal","19","Other Motor Vehicles",46.0,174.0
483,"2018","West Bengal","19","Others",76.0,95.0
484,"2018","West Bengal","19","Pedestrian",35.0,221.0
485,"2018","West Bengal","19","Suv/Station Wagon/Etc.",132.0,162.0
486,"2018","West Bengal","19","Three Wheeler/Auto Rickshaw",42.0,136.0
487,"2018","West Bengal","19","Tractor",34.0,192.0
488,"2018","West Bengal","19","Truck/Lorry",663.0,1075.0
489,"2018","West Bengal","19","Two Wheeler",399.0,775.0
490,"2019","Andaman And Nicobar Islands","35","Animal Drawn Vehicle",0.0,0.0
491,"2019","Andaman And Nicobar Islands","35","Bicycle",0.0,0.0
492,"2019","Andaman And Nicobar Islands","35","Bus",0.0,1.0
493,"2019","Andaman And Nicobar Islands","35","Car",0.0,0.0
494,"2019","Andaman And Nicobar Islands","35","Hand Drawn Vehicle/ Cycle Rickshaw",0.0,0.0
495,"2019","Andaman And Nicobar Islands","35","Jeep",0.0,0.0
496,"2019","Andaman And Nicobar Islands","35","Other Motor Vehicles",0.0,0.0
497,"2019","Andaman And Nicobar Islands","35","Others",0.0,0.0
498,"2019","Andaman And Nicobar Islands","35","Pedestrian",0.0,6.0
499,"2019","Andaman And Nicobar Islands","35","Suv/Station Wagon/Etc.",0.0,0.0
500,"2019","Andaman And Nicobar Islands","35","Three Wheeler/Auto Rickshaw",0.0,0.0
501,"2019","Andaman And Nicobar Islands","35","Tractor",0.0,0.0
502,"2019","Andaman And Nicobar Islands","35","Truck/Lorry",0.0,0.0
503,"2019","Andaman And Nicobar Islands","35","Two Wheeler",0.0,13.0
504,"2019","Andhra Pradesh","28","Animal Drawn Vehicle",4.0,14.0
505,"2019","Andhra Pradesh","28","Bicycle",52.0,45.0
506,"2019","Andhra Pradesh","28","Bus",148.0,321.0
507,"2019","Andhra Pradesh","28","Car",419.0,585.0
508,"2019","Andhra Pradesh","28","Hand Drawn Vehicle/ Cycle Rickshaw",3.0,22.0
509,"2019","Andhra Pradesh","28","Jeep",108.0,49.0
510,"2019","Andhra Pradesh","28","Other Motor Vehicles",45.0,144.0
511,"2019","Andhra Pradesh","28","Others",13.0,54.0
512,"2019","Andhra Pradesh","28","Pedestrian",113.0,647.0
513,"2019","Andhra Pradesh","28","Suv/Station Wagon/Etc.",39.0,98.0
514,"2019","Andhra Pradesh","28","Three Wheeler/Auto Rickshaw",237.0,492.0
515,"2019","Andhra Pradesh","28","Tractor",140.0,137.0
516,"2019","Andhra Pradesh","28","Truck/Lorry",487.0,556.0
517,"2019","Andhra Pradesh","28","Two Wheeler",1468.0,1544.0
518,"2019","Arunachal Pradesh","12","Animal Drawn Vehicle",0.0,0.0
519,"2019","Arunachal Pradesh","12","Bicycle",1.0,0.0
520,"2019","Arunachal Pradesh","12","Bus",0.0,0.0
521,"2019","Arunachal Pradesh","12","Car",18.0,7.0
522,"2019","Arunachal Pradesh","12","Hand Drawn Vehicle/ Cycle Rickshaw",0.0,0.0
523,"2019","Arunachal Pradesh","12","Jeep",1.0,1.0
524,"2019","Arunachal Pradesh","12","Other Motor Vehicles",1.0,1.0
525,"2019","Arunachal Pradesh","12","Others",2.0,0.0
526,"2019","Arunachal Pradesh","12","Pedestrian",0.0,1.0
527,"2019","Arunachal Pradesh","12","Suv/Station Wagon/Etc.",5.0,5.0
528,"2019","Arunachal Pradesh","12","Three Wheeler/Auto Rickshaw",1.0,0.0
529,"2019","Arunachal Pradesh","12","Tractor",0.0,3.0
530,"2019","Arunachal Pradesh","12","Truck/Lorry",16.0,16.0
531,"2019","Arunachal Pradesh","12","Two Wheeler",28.0,2.0
532,"2019","Assam","18","Animal Drawn Vehicle",0.0,0.0
533,"2019","Assam","18","Bicycle",102.0,12.0
534,"2019","Assam","18","Bus",88.0,197.0
535,"2019","Assam","18","Car",398.0,284.0
536,"2019","Assam","18","Hand Drawn Vehicle/ Cycle Rickshaw",43.0,0.0
537,"2019","Assam","18","Jeep",30.0,1.0
538,"2019","Assam","18","Other Motor Vehicles",14.0,1.0
539,"2019","Assam","18","Others",0.0,0.0
540,"2019","Assam","18","Pedestrian",0.0,5.0
541,"2019","Assam","18","Suv/Station Wagon/Etc.",47.0,134.0
542,"2019","Assam","18","Three Wheeler/Auto Rickshaw",68.0,119.0
543,"2019","Assam","18","Tractor",18.0,23.0
544,"2019","Assam","18","Truck/Lorry",188.0,111.0
545,"2019","Assam","18","Two Wheeler",845.0,517.0
546,"2019","Bihar","10","Animal Drawn Vehicle",27.0,0.0
547,"2019","Bihar","10","Bicycle",95.0,64.0
548,"2019","Bihar","10","Bus",324.0,227.0
549,"2019","Bihar","10","Car",227.0,220.0
550,"2019","Bihar","10","Hand Drawn Vehicle/ Cycle Rickshaw",1.0,18.0
551,"2019","Bihar","10","Jeep",169.0,51.0
552,"2019","Bihar","10","Other Motor Vehicles",7.0,23.0
553,"2019","Bihar","10","Others",0.0,0.0
554,"2019","Bihar","10","Pedestrian",127.0,195.0
555,"2019","Bihar","10","Suv/Station Wagon/Etc.",249.0,261.0
556,"2019","Bihar","10","Three Wheeler/Auto Rickshaw",309.0,252.0
557,"2019","Bihar","10","Tractor",194.0,68.0
558,"2019","Bihar","10","Truck/Lorry",543.0,573.0
559,"2019","Bihar","10","Two Wheeler",1950.0,1031.0
560,"2019","Chandigarh","4","Animal Drawn Vehicle",0.0,0.0
561,"2019","Chandigarh","4","Bicycle",0.0,10.0
562,"2019","Chandigarh","4","Bus",0.0,0.0
563,"2019","Chandigarh","4","Car",0.0,2.0
564,"2019","Chandigarh","4","Hand Drawn Vehicle/ Cycle Rickshaw",0.0,1.0
565,"2019","Chandigarh","4","Jeep",0.0,0.0
566,"2019","Chandigarh","4","Other Motor Vehicles",0.0,0.0
567,"2019","Chandigarh","4","Others",0.0,0.0
568,"2019","Chandigarh","4","Pedestrian",0.0,36.0
569,"2019","Chandigarh","4","Suv/Station Wagon/Etc.",0.0,0.0
570,"2019","Chandigarh","4","Three Wheeler/Auto Rickshaw",0.0,7.0
571,"2019","Chandigarh","4","Tractor",0.0,0.0
572,"2019","Chandigarh","4","Truck/Lorry",0.0,2.0
573,"2019","Chandigarh","4","Two Wheeler",0.0,46.0
574,"2019","Chhattisgarh","22","Animal Drawn Vehicle",0.0,2.0
575,"2019","Chhattisgarh","22","Bicycle",39.0,99.0
576,"2019","Chhattisgarh","22","Bus",50.0,85.0
577,"2019","Chhattisgarh","22","Car",105.0,262.0
578,"2019","Chhattisgarh","22","Hand Drawn Vehicle/ Cycle Rickshaw",0.0,0.0
579,"2019","Chhattisgarh","22","Jeep",9.0,16.0
580,"2019","Chhattisgarh","22","Other Motor Vehicles",71.0,144.0
581,"2019","Chhattisgarh","22","Others",83.0,123.0
582,"2019","Chhattisgarh","22","Pedestrian",15.0,228.0
583,"2019","Chhattisgarh","22","Suv/Station Wagon/Etc.",60.0,96.0
584,"2019","Chhattisgarh","22","Three Wheeler/Auto Rickshaw",24.0,36.0
585,"2019","Chhattisgarh","22","Tractor",83.0,185.0
586,"2019","Chhattisgarh","22","Truck/Lorry",233.0,456.0
587,"2019","Chhattisgarh","22","Two Wheeler",1476.0,1023.0
588,"2019","Delhi","7","Animal Drawn Vehicle",0.0,0.0
589,"2019","Delhi","7","Bicycle",3.0,11.0
590,"2019","Delhi","7","Bus",9.0,61.0
591,"2019","Delhi","7","Car",121.0,236.0
592,"2019","Delhi","7","Hand Drawn Vehicle/ Cycle Rickshaw",0.0,3.0
593,"2019","Delhi","7","Jeep",1.0,14.0
594,"2019","Delhi","7","Other Motor Vehicles",15.0,100.0
595,"2019","Delhi","7","Others",42.0,96.0
596,"2019","Delhi","7","Pedestrian",4.0,75.0
597,"2019","Delhi","7","Suv/Station Wagon/Etc.",16.0,29.0
598,"2019","Delhi","7","Three Wheeler/Auto Rickshaw",17.0,38.0
599,"2019","Delhi","7","Tractor",1.0,7.0
600,"2019","Delhi","7","Truck/Lorry",24.0,130.0
601,"2019","Delhi","7","Two Wheeler",156.0,299.0
602,"2019","Goa","30","Animal Drawn Vehicle",0.0,0.0
603,"2019","Goa","30","Bicycle",0.0,2.0
604,"2019","Goa","30","Bus",0.0,4.0
605,"2019","Goa","30","Car",6.0,21.0
606,"2019","Goa","30","Hand Drawn Vehicle/ Cycle Rickshaw",0.0,0.0
607,"2019","Goa","30","Jeep",0.0,1.0
608,"2019","Goa","30","Other Motor Vehicles",1.0,0.0
609,"2019","Goa","30","Others",0.0,0.0
610,"2019","Goa","30","Pedestrian",0.0,47.0
611,"2019","Goa","30","Suv/Station Wagon/Etc.",1.0,0.0
612,"2019","Goa","30","Three Wheeler/Auto Rickshaw",1.0,1.0
613,"2019","Goa","30","Tractor",0.0,0.0
614,"2019","Goa","30","Truck/Lorry",0.0,7.0
615,"2019","Goa","30","Two Wheeler",103.0,104.0
616,"2019","Gujarat","24","Animal Drawn Vehicle",3.0,4.0
617,"2019","Gujarat","24","Bicycle",16.0,98.0
618,"2019","Gujarat","24","Bus",43.0,214.0
619,"2019","Gujarat","24","Car",317.0,844.0
620,"2019","Gujarat","24","Hand Drawn Vehicle/ Cycle Rickshaw",0.0,2.0
621,"2019","Gujarat","24","Jeep",43.0,162.0
622,"2019","Gujarat","24","Other Motor Vehicles",26.0,68.0
623,"2019","Gujarat","24","Others",32.0,102.0
624,"2019","Gujarat","24","Pedestrian",0.0,728.0
625,"2019","Gujarat","24","Suv/Station Wagon/Etc.",56.0,151.0
626,"2019","Gujarat","24","Three Wheeler/Auto Rickshaw",117.0,292.0
627,"2019","Gujarat","24","Tractor",37.0,120.0
628,"2019","Gujarat","24","Truck/Lorry",244.0,718.0
629,"2019","Gujarat","24","Two Wheeler",1322.0,1669.0
630,"2019","Haryana","6","Animal Drawn Vehicle",0.0,12.0
631,"2019","Haryana","6","Bicycle",21.0,31.0
632,"2019","Haryana","6","Bus",18.0,181.0
633,"2019","Haryana","6","Car",124.0,752.0
634,"2019","Haryana","6","Hand Drawn Vehicle/ Cycle Rickshaw",0.0,0.0
635,"2019","Haryana","6","Jeep",10.0,67.0
636,"2019","Haryana","6","Other Motor Vehicles",17.0,165.0
637,"2019","Haryana","6","Others",15.0,299.0
638,"2019","Haryana","6","Pedestrian",385.0,747.0
639,"2019","Haryana","6","Suv/Station Wagon/Etc.",23.0,128.0
640,"2019","Haryana","6","Three Wheeler/Auto Rickshaw",14.0,116.0
641,"2019","Haryana","6","Tractor",16.0,155.0
642,"2019","Haryana","6","Truck/Lorry",65.0,698.0
643,"2019","Haryana","6","Two Wheeler",334.0,876.0
644,"2019","Himachal Pradesh","2","Animal Drawn Vehicle",1.0,2.0
645,"2019","Himachal Pradesh","2","Bicycle",2.0,3.0
646,"2019","Himachal Pradesh","2","Bus",10.0,105.0
647,"2019","Himachal Pradesh","2","Car",177.0,180.0
648,"2019","Himachal Pradesh","2","Hand Drawn Vehicle/ Cycle Rickshaw",0.0,0.0
649,"2019","Himachal Pradesh","2","Jeep",62.0,83.0
650,"2019","Himachal Pradesh","2","Other Motor Vehicles",3.0,16.0
651,"2019","Himachal Pradesh","2","Others",0.0,0.0
652,"2019","Himachal Pradesh","2","Pedestrian",7.0,19.0
653,"2019","Himachal Pradesh","2","Suv/Station Wagon/Etc.",21.0,24.0
654,"2019","Himachal Pradesh","2","Three Wheeler/Auto Rickshaw",0.0,1.0
655,"2019","Himachal Pradesh","2","Tractor",19.0,15.0
656,"2019","Himachal Pradesh","2","Truck/Lorry",41.0,62.0
657,"2019","Himachal Pradesh","2","Two Wheeler",160.0,111.0
658,"2019","Jammu And Kashmir","1","Animal Drawn Vehicle",0.0,0.0
659,"2019","Jammu And Kashmir","1","Bicycle",1.0,0.0
660,"2019","Jammu And Kashmir","1","Bus",67.0,46.0
661,"2019","Jammu And Kashmir","1","Car",99.0,125.0
662,"2019","Jammu And Kashmir","1","Hand Drawn Vehicle/ Cycle Rickshaw",0.0,0.0
663,"2019","Jammu And Kashmir","1","Jeep",2.0,5.0
664,"2019","Jammu And Kashmir","1","Other Motor Vehicles",39.0,72.0
665,"2019","Jammu And Kashmir","1","Others",29.0,14.0
666,"2019","Jammu And Kashmir","1","Pedestrian",15.0,59.0
667,"2019","Jammu And Kashmir","1","Suv/Station Wagon/Etc.",22.0,66.0
668,"2019","Jammu And Kashmir","1","Three Wheeler/Auto Rickshaw",1.0,11.0
669,"2019","Jammu And Kashmir","1","Tractor",16.0,14.0
670,"2019","Jammu And Kashmir","1","Truck/Lorry",61.0,44.0
671,"2019","Jammu And Kashmir","1","Two Wheeler",108.0,93.0
672,"2019","Jharkhand","20","Animal Drawn Vehicle",0.0,0.0
673,"2019","Jharkhand","20","Bicycle",33.0,3.0
674,"2019","Jharkhand","20","Bus",66.0,112.0
675,"2019","Jharkhand","20","Car",323.0,234.0
676,"2019","Jharkhand","20","Hand Drawn Vehicle/ Cycle Rickshaw",16.0,0.0
677,"2019","Jharkhand","20","Jeep",53.0,78.0
678,"2019","Jharkhand","20","Other Motor Vehicles",1.0,2.0
679,"2019","Jharkhand","20","Others",0.0,0.0
680,"2019","Jharkhand","20","Pedestrian",15.0,50.0
681,"2019","Jharkhand","20","Suv/Station Wagon/Etc.",59.0,102.0
682,"2019","Jharkhand","20","Three Wheeler/Auto Rickshaw",112.0,139.0
683,"2019","Jharkhand","20","Tractor",32.0,0.0
684,"2019","Jharkhand","20","Truck/Lorry",250.0,172.0
685,"2019","Jharkhand","20","Two Wheeler",1182.0,767.0
686,"2019","Karnataka","29","Animal Drawn Vehicle",0.0,21.0
687,"2019","Karnataka","29","Bicycle",36.0,7.0
688,"2019","Karnataka","29","Bus",124.0,435.0
689,"2019","Karnataka","29","Car",636.0,1112.0
690,"2019","Karnataka","29","Hand Drawn Vehicle/ Cycle Rickshaw",0.0,0.0
691,"2019","Karnataka","29","Jeep",97.0,69.0
692,"2019","Karnataka","29","Other Motor Vehicles",41.0,101.0
693,"2019","Karnataka","29","Others",80.0,178.0
694,"2019","Karnataka","29","Pedestrian",109.0,1179.0
695,"2019","Karnataka","29","Suv/Station Wagon/Etc.",24.0,45.0
696,"2019","Karnataka","29","Three Wheeler/Auto Rickshaw",184.0,350.0
697,"2019","Karnataka","29","Tractor",88.0,126.0
698,"2019","Karnataka","29","Truck/Lorry",388.0,575.0
699,"2019","Karnataka","29","Two Wheeler",2955.0,1991.0
700,"2019","Kerala","32","Animal Drawn Vehicle",0.0,0.0
701,"2019","Kerala","32","Bicycle",1.0,79.0
702,"2019","Kerala","32","Bus",33.0,200.0
703,"2019","Kerala","32","Car",71.0,343.0
704,"2019","Kerala","32","Hand Drawn Vehicle/ Cycle Rickshaw",0.0,0.0
705,"2019","Kerala","32","Jeep",6.0,37.0
706,"2019","Kerala","32","Other Motor Vehicles",2.0,35.0
707,"2019","Kerala","32","Others",0.0,10.0
708,"2019","Kerala","32","Pedestrian",6.0,896.0
709,"2019","Kerala","32","Suv/Station Wagon/Etc.",5.0,27.0
710,"2019","Kerala","32","Three Wheeler/Auto Rickshaw",29.0,200.0
711,"2019","Kerala","32","Tractor",0.0,4.0
712,"2019","Kerala","32","Truck/Lorry",55.0,216.0
713,"2019","Kerala","32","Two Wheeler",276.0,1839.0
714,"2019","Lakshadweep","31","Animal Drawn Vehicle",0.0,0.0
715,"2019","Lakshadweep","31","Bicycle",0.0,0.0
716,"2019","Lakshadweep","31","Bus",0.0,0.0
717,"2019","Lakshadweep","31","Car",0.0,0.0
718,"2019","Lakshadweep","31","Hand Drawn Vehicle/ Cycle Rickshaw",0.0,0.0
719,"2019","Lakshadweep","31","Jeep",0.0,0.0
720,"2019","Lakshadweep","31","Other Motor Vehicles",0.0,0.0
721,"2019","Lakshadweep","31","Others",0.0,0.0
722,"2019","Lakshadweep","31","Pedestrian",0.0,0.0
723,"2019","Lakshadweep","31","Suv/Station Wagon/Etc.",0.0,0.0
724,"2019","Lakshadweep","31","Three Wheeler/Auto Rickshaw",0.0,0.0
725,"2019","Lakshadweep","31","Tractor",0.0,0.0
726,"2019","Lakshadweep","31","Truck/Lorry",0.0,0.0
727,"2019","Lakshadweep","31","Two Wheeler",0.0,0.0
728,"2019","Madhya Pradesh","23","Animal Drawn Vehicle",8.0,6.0
729,"2019","Madhya Pradesh","23","Bicycle",37.0,39.0
730,"2019","Madhya Pradesh","23","Bus",144.0,443.0
731,"2019","Madhya Pradesh","23","Car",409.0,1069.0
732,"2019","Madhya Pradesh","23","Hand Drawn Vehicle/ Cycle Rickshaw",3.0,0.0
733,"2019","Madhya Pradesh","23","Jeep",98.0,288.0
734,"2019","Madhya Pradesh","23","Other Motor Vehicles",63.0,304.0
735,"2019","Madhya Pradesh","23","Others",44.0,108.0
736,"2019","Madhya Pradesh","23","Pedestrian",137.0,692.0
737,"2019","Madhya Pradesh","23","Suv/Station Wagon/Etc.",126.0,450.0
738,"2019","Madhya Pradesh","23","Three Wheeler/Auto Rickshaw",71.0,259.0
739,"2019","Madhya Pradesh","23","Tractor",186.0,515.0
740,"2019","Madhya Pradesh","23","Truck/Lorry",439.0,1186.0
741,"2019","Madhya Pradesh","23","Two Wheeler",1895.0,2837.0
742,"2019","Maharashtra","27","Animal Drawn Vehicle",0.0,7.0
743,"2019","Maharashtra","27","Bicycle",79.0,83.0
744,"2019","Maharashtra","27","Bus",94.0,366.0
745,"2019","Maharashtra","27","Car",540.0,1099.0
746,"2019","Maharashtra","27","Hand Drawn Vehicle/ Cycle Rickshaw",0.0,1.0
747,"2019","Maharashtra","27","Jeep",175.0,305.0
748,"2019","Maharashtra","27","Other Motor Vehicles",55.0,113.0
749,"2019","Maharashtra","27","Others",70.0,72.0
750,"2019","Maharashtra","27","Pedestrian",91.0,1398.0
751,"2019","Maharashtra","27","Suv/Station Wagon/Etc.",76.0,242.0
752,"2019","Maharashtra","27","Three Wheeler/Auto Rickshaw",138.0,369.0
753,"2019","Maharashtra","27","Tractor",84.0,202.0
754,"2019","Maharashtra","27","Truck/Lorry",504.0,1308.0
755,"2019","Maharashtra","27","Two Wheeler",3367.0,3770.0
756,"2019","Manipur","14","Animal Drawn Vehicle",0.0,0.0
757,"2019","Manipur","14","Bicycle",0.0,6.0
758,"2019","Manipur","14","Bus",0.0,2.0
759,"2019","Manipur","14","Car",14.0,19.0
760,"2019","Manipur","14","Hand Drawn Vehicle/ Cycle Rickshaw",0.0,0.0
761,"2019","Manipur","14","Jeep",0.0,1.0
762,"2019","Manipur","14","Other Motor Vehicles",1.0,0.0
763,"2019","Manipur","14","Others",0.0,1.0
764,"2019","Manipur","14","Pedestrian",5.0,17.0
765,"2019","Manipur","14","Suv/Station Wagon/Etc.",0.0,4.0
766,"2019","Manipur","14","Three Wheeler/Auto Rickshaw",3.0,3.0
767,"2019","Manipur","14","Tractor",0.0,0.0
768,"2019","Manipur","14","Truck/Lorry",12.0,20.0
769,"2019","Manipur","14","Two Wheeler",20.0,28.0
770,"2019","Meghalaya","17","Animal Drawn Vehicle",0.0,0.0
771,"2019","Meghalaya","17","Bicycle",1.0,0.0
772,"2019","Meghalaya","17","Bus",3.0,3.0
773,"2019","Meghalaya","17","Car",19.0,23.0
774,"2019","Meghalaya","17","Hand Drawn Vehicle/ Cycle Rickshaw",0.0,0.0
775,"2019","Meghalaya","17","Jeep",1.0,3.0
776,"2019","Meghalaya","17","Other Motor Vehicles",1.0,1.0
777,"2019","Meghalaya","17","Others",0.0,0.0
778,"2019","Meghalaya","17","Pedestrian",1.0,4.0
779,"2019","Meghalaya","17","Suv/Station Wagon/Etc.",10.0,8.0
780,"2019","Meghalaya","17","Three Wheeler/Auto Rickshaw",3.0,7.0
781,"2019","Meghalaya","17","Tractor",1.0,0.0
782,"2019","Meghalaya","17","Truck/Lorry",22.0,19.0
783,"2019","Meghalaya","17","Two Wheeler",25.0,21.0
784,"2019","Mizoram","15","Animal Drawn Vehicle",0.0,0.0
785,"2019","Mizoram","15","Bicycle",0.0,0.0
786,"2019","Mizoram","15","Bus",2.0,0.0
787,"2019","Mizoram","15","Car",19.0,3.0
788,"2019","Mizoram","15","Hand Drawn Vehicle/ Cycle Rickshaw",0.0,0.0
789,"2019","Mizoram","15","Jeep",1.0,0.0
790,"2019","Mizoram","15","Other Motor Vehicles",0.0,0.0
791,"2019","Mizoram","15","Others",0.0,0.0
792,"2019","Mizoram","15","Pedestrian",0.0,0.0
793,"2019","Mizoram","15","Suv/Station Wagon/Etc.",5.0,0.0
794,"2019","Mizoram","15","Three Wheeler/Auto Rickshaw",1.0,0.0
795,"2019","Mizoram","15","Tractor",0.0,0.0
796,"2019","Mizoram","15","Truck/Lorry",4.0,9.0
797,"2019","Mizoram","15","Two Wheeler",15.0,4.0
798,"2019","Nagaland","13","Animal Drawn Vehicle",0.0,0.0
799,"2019","Nagaland","13","Bicycle",0.0,0.0
800,"2019","Nagaland","13","Bus",0.0,0.0
801,"2019","Nagaland","13","Car",1.0,1.0
802,"2019","Nagaland","13","Hand Drawn Vehicle/ Cycle Rickshaw",0.0,0.0
803,"2019","Nagaland","13","Jeep",0.0,0.0
804,"2019","Nagaland","13","Other Motor Vehicles",0.0,0.0
805,"2019","Nagaland","13","Others",0.0,0.0
806,"2019","Nagaland","13","Pedestrian",0.0,0.0
807,"2019","Nagaland","13","Suv/Station Wagon/Etc.",2.0,0.0
808,"2019","Nagaland","13","Three Wheeler/Auto Rickshaw",0.0,0.0
809,"2019","Nagaland","13","Tractor",0.0,0.0
810,"2019","Nagaland","13","Truck/Lorry",8.0,5.0
811,"2019","Nagaland","13","Two Wheeler",4.0,1.0
812,"2019","Odisha","21","Animal Drawn Vehicle",0.0,0.0
813,"2019","Odisha","21","Bicycle",86.0,43.0
814,"2019","Odisha","21","Bus",41.0,219.0
815,"2019","Odisha","21","Car",182.0,312.0
816,"2019","Odisha","21","Hand Drawn Vehicle/ Cycle Rickshaw",4.0,0.0
817,"2019","Odisha","21","Jeep",42.0,30.0
818,"2019","Odisha","21","Other Motor Vehicles",61.0,86.0
819,"2019","Odisha","21","Others",122.0,232.0
820,"2019","Odisha","21","Pedestrian",304.0,254.0
821,"2019","Odisha","21","Suv/Station Wagon/Etc.",38.0,68.0
822,"2019","Odisha","21","Three Wheeler/Auto Rickshaw",65.0,152.0
823,"2019","Odisha","21","Tractor",17.0,34.0
824,"2019","Odisha","21","Truck/Lorry",242.0,388.0
825,"2019","Odisha","21","Two Wheeler",1513.0,798.0
826,"2019","Puducherry","34","Animal Drawn Vehicle",0.0,0.0
827,"2019","Puducherry","34","Bicycle",6.0,0.0
828,"2019","Puducherry","34","Bus",5.0,0.0
829,"2019","Puducherry","34","Car",12.0,0.0
830,"2019","Puducherry","34","Hand Drawn Vehicle/ Cycle Rickshaw",0.0,0.0
831,"2019","Puducherry","34","Jeep",0.0,0.0
832,"2019","Puducherry","34","Other Motor Vehicles",0.0,0.0
833,"2019","Puducherry","34","Others",9.0,0.0
834,"2019","Puducherry","34","Pedestrian",52.0,0.0
835,"2019","Puducherry","34","Suv/Station Wagon/Etc.",0.0,0.0
836,"2019","Puducherry","34","Three Wheeler/Auto Rickshaw",0.0,0.0
837,"2019","Puducherry","34","Tractor",0.0,0.0
838,"2019","Puducherry","34","Truck/Lorry",1.0,0.0
839,"2019","Puducherry","34","Two Wheeler",62.0,0.0
840,"2019","Punjab","3","Animal Drawn Vehicle",3.0,30.0
841,"2019","Punjab","3","Bicycle",38.0,107.0
842,"2019","Punjab","3","Bus",16.0,208.0
843,"2019","Punjab","3","Car",102.0,835.0
844,"2019","Punjab","3","Hand Drawn Vehicle/ Cycle Rickshaw",6.0,31.0
845,"2019","Punjab","3","Jeep",6.0,55.0
846,"2019","Punjab","3","Other Motor Vehicles",4.0,127.0
847,"2019","Punjab","3","Others",0.0,6.0
848,"2019","Punjab","3","Pedestrian",31.0,303.0
849,"2019","Punjab","3","Suv/Station Wagon/Etc.",76.0,227.0
850,"2019","Punjab","3","Three Wheeler/Auto Rickshaw",15.0,93.0
851,"2019","Punjab","3","Tractor",11.0,80.0
852,"2019","Punjab","3","Truck/Lorry",20.0,440.0
853,"2019","Punjab","3","Two Wheeler",390.0,1353.0
854,"2019","Rajasthan","8","Animal Drawn Vehicle",18.0,6.0
855,"2019","Rajasthan","8","Bicycle",19.0,14.0
856,"2019","Rajasthan","8","Bus",113.0,414.0
857,"2019","Rajasthan","8","Car",491.0,1219.0
858,"2019","Rajasthan","8","Hand Drawn Vehicle/ Cycle Rickshaw",1.0,0.0
859,"2019","Rajasthan","8","Jeep",153.0,386.0
860,"2019","Rajasthan","8","Other Motor Vehicles",131.0,570.0
861,"2019","Rajasthan","8","Others",37.0,111.0
862,"2019","Rajasthan","8","Pedestrian",0.0,785.0
863,"2019","Rajasthan","8","Suv/Station Wagon/Etc.",200.0,297.0
864,"2019","Rajasthan","8","Three Wheeler/Auto Rickshaw",58.0,173.0
865,"2019","Rajasthan","8","Tractor",81.0,305.0
866,"2019","Rajasthan","8","Truck/Lorry",484.0,993.0
867,"2019","Rajasthan","8","Two Wheeler",1725.0,1779.0
868,"2019","Sikkim","11","Animal Drawn Vehicle",0.0,0.0
869,"2019","Sikkim","11","Bicycle",0.0,0.0
870,"2019","Sikkim","11","Bus",0.0,0.0
871,"2019","Sikkim","11","Car",29.0,5.0
872,"2019","Sikkim","11","Hand Drawn Vehicle/ Cycle Rickshaw",0.0,0.0
873,"2019","Sikkim","11","Jeep",1.0,3.0
874,"2019","Sikkim","11","Other Motor Vehicles",1.0,0.0
875,"2019","Sikkim","11","Others",1.0,0.0
876,"2019","Sikkim","11","Pedestrian",2.0,0.0
877,"2019","Sikkim","11","Suv/Station Wagon/Etc.",5.0,9.0
878,"2019","Sikkim","11","Three Wheeler/Auto Rickshaw",0.0,0.0
879,"2019","Sikkim","11","Tractor",0.0,0.0
880,"2019","Sikkim","11","Truck/Lorry",15.0,3.0
881,"2019","Sikkim","11","Two Wheeler",8.0,2.0
882,"2019","Tamil Nadu","33","Animal Drawn Vehicle",0.0,0.0
883,"2019","Tamil Nadu","33","Bicycle",133.0,97.0
884,"2019","Tamil Nadu","33","Bus",239.0,896.0
885,"2019","Tamil Nadu","33","Car",538.0,870.0
886,"2019","Tamil Nadu","33","Hand Drawn Vehicle/ Cycle Rickshaw",0.0,0.0
887,"2019","Tamil Nadu","33","Jeep",34.0,77.0
888,"2019","Tamil Nadu","33","Other Motor Vehicles",30.0,667.0
889,"2019","Tamil Nadu","33","Others",0.0,0.0
890,"2019","Tamil Nadu","33","Pedestrian",310.0,734.0
891,"2019","Tamil Nadu","33","Suv/Station Wagon/Etc.",74.0,211.0
892,"2019","Tamil Nadu","33","Three Wheeler/Auto Rickshaw",155.0,141.0
893,"2019","Tamil Nadu","33","Tractor",19.0,100.0
894,"2019","Tamil Nadu","33","Truck/Lorry",430.0,1233.0
895,"2019","Tamil Nadu","33","Two Wheeler",2254.0,1283.0
896,"2019","Telangana","36","Animal Drawn Vehicle",0.0,2.0
897,"2019","Telangana","36","Bicycle",0.0,47.0
898,"2019","Telangana","36","Bus",46.0,269.0
899,"2019","Telangana","36","Car",221.0,664.0
900,"2019","Telangana","36","Hand Drawn Vehicle/ Cycle Rickshaw",0.0,4.0
901,"2019","Telangana","36","Jeep",17.0,57.0
902,"2019","Telangana","36","Other Motor Vehicles",0.0,0.0
903,"2019","Telangana","36","Others",0.0,0.0
904,"2019","Telangana","36","Pedestrian",0.0,358.0
905,"2019","Telangana","36","Suv/Station Wagon/Etc.",53.0,275.0
906,"2019","Telangana","36","Three Wheeler/Auto Rickshaw",94.0,574.0
907,"2019","Telangana","36","Tractor",70.0,173.0
908,"2019","Telangana","36","Truck/Lorry",198.0,657.0
909,"2019","Telangana","36","Two Wheeler",1325.0,1860.0
910,"2019","The Dadra And Nagar Haveli And Daman And Diu","38","Animal Drawn Vehicle",0.0,0.0
911,"2019","The Dadra And Nagar Haveli And Daman And Diu","38","Bicycle",0.0,0.0
912,"2019","The Dadra And Nagar Haveli And Daman And Diu","38","Bus",0.0,1.0
913,"2019","The Dadra And Nagar Haveli And Daman And Diu","38","Car",1.0,11.0
914,"2019","The Dadra And Nagar Haveli And Daman And Diu","38","Hand Drawn Vehicle/ Cycle Rickshaw",0.0,0.0
915,"2019","The Dadra And Nagar Haveli And Daman And Diu","38","Jeep",0.0,0.0
916,"2019","The Dadra And Nagar Haveli And Daman And Diu","38","Other Motor Vehicles",0.0,3.0
917,"2019","The Dadra And Nagar Haveli And Daman And Diu","38","Others",0.0,3.0
918,"2019","The Dadra And Nagar Haveli And Daman And Diu","38","Pedestrian",0.0,2.0
919,"2019","The Dadra And Nagar Haveli And Daman And Diu","38","Suv/Station Wagon/Etc.",0.0,0.0
920,"2019","The Dadra And Nagar Haveli And Daman And Diu","38","Three Wheeler/Auto Rickshaw",1.0,5.0
921,"2019","The Dadra And Nagar Haveli And Daman And Diu","38","Tractor",0.0,2.0
922,"2019","The Dadra And Nagar Haveli And Daman And Diu","38","Truck/Lorry",2.0,28.0
923,"2019","The Dadra And Nagar Haveli And Daman And Diu","38","Two Wheeler",9.0,10.0
924,"2019","Tripura","16","Animal Drawn Vehicle",0.0,0.0
925,"2019","Tripura","16","Bicycle",0.0,4.0
926,"2019","Tripura","16","Bus",1.0,5.0
927,"2019","Tripura","16","Car",2.0,14.0
928,"2019","Tripura","16","Hand Drawn Vehicle/ Cycle Rickshaw",0.0,0.0
929,"2019","Tripura","16","Jeep",7.0,14.0
930,"2019","Tripura","16","Other Motor Vehicles",1.0,0.0
931,"2019","Tripura","16","Others",0.0,0.0
932,"2019","Tripura","16","Pedestrian",0.0,43.0
933,"2019","Tripura","16","Suv/Station Wagon/Etc.",2.0,2.0
934,"2019","Tripura","16","Three Wheeler/Auto Rickshaw",6.0,14.0
935,"2019","Tripura","16","Tractor",0.0,0.0
936,"2019","Tripura","16","Truck/Lorry",16.0,22.0
937,"2019","Tripura","16","Two Wheeler",25.0,61.0
938,"2019","Uttar Pradesh","9","Animal Drawn Vehicle",7.0,17.0
939,"2019","Uttar Pradesh","9","Bicycle",53.0,163.0
940,"2019","Uttar Pradesh","9","Bus",517.0,1440.0
941,"2019","Uttar Pradesh","9","Car",749.0,2606.0
942,"2019","Uttar Pradesh","9","Hand Drawn Vehicle/ Cycle Rickshaw",15.0,22.0
943,"2019","Uttar Pradesh","9","Jeep",383.0,446.0
944,"2019","Uttar Pradesh","9","Other Motor Vehicles",101.0,376.0
945,"2019","Uttar Pradesh","9","Others",285.0,221.0
946,"2019","Uttar Pradesh","9","Pedestrian",18.0,205.0
947,"2019","Uttar Pradesh","9","Suv/Station Wagon/Etc.",420.0,1214.0
948,"2019","Uttar Pradesh","9","Three Wheeler/Auto Rickshaw",463.0,1055.0
949,"2019","Uttar Pradesh","9","Tractor",188.0,618.0
950,"2019","Uttar Pradesh","9","Truck/Lorry",1166.0,4106.0
951,"2019","Uttar Pradesh","9","Two Wheeler",2066.0,4365.0
952,"2019","Uttarakhand","5","Animal Drawn Vehicle",0.0,0.0
953,"2019","Uttarakhand","5","Bicycle",0.0,25.0
954,"2019","Uttarakhand","5","Bus",21.0,48.0
955,"2019","Uttarakhand","5","Car",93.0,79.0
956,"2019","Uttarakhand","5","Hand Drawn Vehicle/ Cycle Rickshaw",0.0,0.0
957,"2019","Uttarakhand","5","Jeep",23.0,23.0
958,"2019","Uttarakhand","5","Other Motor Vehicles",0.0,0.0
959,"2019","Uttarakhand","5","Others",0.0,0.0
960,"2019","Uttarakhand","5","Pedestrian",0.0,55.0
961,"2019","Uttarakhand","5","Suv/Station Wagon/Etc.",11.0,18.0
962,"2019","Uttarakhand","5","Three Wheeler/Auto Rickshaw",6.0,10.0
963,"2019","Uttarakhand","5","Tractor",2.0,30.0
964,"2019","Uttarakhand","5","Truck/Lorry",55.0,102.0
965,"2019","Uttarakhand","5","Two Wheeler",120.0,146.0
966,"2019","West Bengal","19","Animal Drawn Vehicle",0.0,0.0
967,"2019","West Bengal","19","Bicycle",14.0,40.0
968,"2019","West Bengal","19","Bus",104.0,363.0
969,"2019","West Bengal","19","Car",206.0,491.0
970,"2019","West Bengal","19","Hand Drawn Vehicle/ Cycle Rickshaw",0.0,16.0
971,"2019","West Bengal","19","Jeep",3.0,17.0
972,"2019","West Bengal","19","Other Motor Vehicles",94.0,153.0
973,"2019","West Bengal","19","Others",33.0,173.0
974,"2019","West Bengal","19","Pedestrian",15.0,431.0
975,"2019","West Bengal","19","Suv/Station Wagon/Etc.",110.0,162.0
976,"2019","West Bengal","19","Three Wheeler/Auto Rickshaw",56.0,124.0
977,"2019","West Bengal","19","Tractor",91.0,141.0
978,"2019","West Bengal","19","Truck/Lorry",430.0,1139.0
979,"2019","West Bengal","19","Two Wheeler",468.0,850.0
980,"2020","Andaman And Nicobar Islands","35","Animal Drawn Vehicle",0.0,0.0
981,"2020","Andaman And Nicobar Islands","35","Bicycle",0.0,1.0
982,"2020","Andaman And Nicobar Islands","35","Bus",0.0,0.0
983,"2020","Andaman And Nicobar Islands","35","Car",0.0,1.0
984,"2020","Andaman And Nicobar Islands","35","Hand Drawn Vehicle/ Cycle Rickshaw",0.0,0.0
985,"2020","Andaman And Nicobar Islands","35","Jeep",0.0,0.0
986,"2020","Andaman And Nicobar Islands","35","Other Motor Vehicles",0.0,0.0
987,"2020","Andaman And Nicobar Islands","35","Others",0.0,0.0
988,"2020","Andaman And Nicobar Islands","35","Pedestrian",0.0,3.0
989,"2020","Andaman And Nicobar Islands","35","Suv/Station Wagon/Etc.",0.0,0.0
990,"2020","Andaman And Nicobar Islands","35","Three Wheeler/Auto Rickshaw",0.0,0.0
991,"2020","Andaman And Nicobar Islands","35","Tractor",0.0,0.0
992,"2020","Andaman And Nicobar Islands","35","Truck/Lorry",0.0,1.0
993,"2020","Andaman And Nicobar Islands","35","Two Wheeler",0.0,8.0
994,"2020","Andhra Pradesh","28","Animal Drawn Vehicle",4.0,4.0
995,"2020","Andhra Pradesh","28","Bicycle",34.0,103.0
996,"2020","Andhra Pradesh","28","Bus",5.0,58.0
997,"2020","Andhra Pradesh","28","Car",126.0,393.0
998,"2020","Andhra Pradesh","28","Hand Drawn Vehicle/ Cycle Rickshaw",3.0,3.0
999,"2020","Andhra Pradesh","28","Jeep",5.0,3.0
1000,"2020","Andhra Pradesh","28","Other Motor Vehicles",48.0,49.0
1001,"2020","Andhra Pradesh","28","Others",25.0,63.0
1002,"2020","Andhra Pradesh","28","Pedestrian",34.0,1238.0
1003,"2020","Andhra Pradesh","28","Suv/Station Wagon/Etc.",10.0,65.0
1004,"2020","Andhra Pradesh","28","Three Wheeler/Auto Rickshaw",132.0,427.0
1005,"2020","Andhra Pradesh","28","Tractor",32.0,63.0
1006,"2020","Andhra Pradesh","28","Truck/Lorry",130.0,268.0
1007,"2020","Andhra Pradesh","28","Two Wheeler",1713.0,2001.0
1008,"2020","Arunachal Pradesh","12","Animal Drawn Vehicle",0.0,0.0
1009,"2020","Arunachal Pradesh","12","Bicycle",0.0,0.0
1010,"2020","Arunachal Pradesh","12","Bus",0.0,0.0
1011,"2020","Arunachal Pradesh","12","Car",15.0,6.0
1012,"2020","Arunachal Pradesh","12","Hand Drawn Vehicle/ Cycle Rickshaw",0.0,0.0
1013,"2020","Arunachal Pradesh","12","Jeep",0.0,0.0
1014,"2020","Arunachal Pradesh","12","Other Motor Vehicles",0.0,1.0
1015,"2020","Arunachal Pradesh","12","Others",3.0,0.0
1016,"2020","Arunachal Pradesh","12","Pedestrian",1.0,0.0
1017,"2020","Arunachal Pradesh","12","Suv/Station Wagon/Etc.",7.0,0.0
1018,"2020","Arunachal Pradesh","12","Three Wheeler/Auto Rickshaw",0.0,0.0
1019,"2020","Arunachal Pradesh","12","Tractor",1.0,0.0
1020,"2020","Arunachal Pradesh","12","Truck/Lorry",26.0,3.0
1021,"2020","Arunachal Pradesh","12","Two Wheeler",23.0,4.0
1022,"2020","Assam","18","Animal Drawn Vehicle",0.0,1.0
1023,"2020","Assam","18","Bicycle",89.0,62.0
1024,"2020","Assam","18","Bus",54.0,66.0
1025,"2020","Assam","18","Car",283.0,211.0
1026,"2020","Assam","18","Hand Drawn Vehicle/ Cycle Rickshaw",28.0,0.0
1027,"2020","Assam","18","Jeep",15.0,16.0
1028,"2020","Assam","18","Other Motor Vehicles",3.0,2.0
1029,"2020","Assam","18","Others",0.0,0.0
1030,"2020","Assam","18","Pedestrian",21.0,36.0
1031,"2020","Assam","18","Suv/Station Wagon/Etc.",50.0,45.0
1032,"2020","Assam","18","Three Wheeler/Auto Rickshaw",23.0,84.0
1033,"2020","Assam","18","Tractor",2.0,29.0
1034,"2020","Assam","18","Truck/Lorry",148.0,104.0
1035,"2020","Assam","18","Two Wheeler",732.0,709.0
1036,"2020","Bihar","10","Animal Drawn Vehicle",0.0,19.0
1037,"2020","Bihar","10","Bicycle",81.0,47.0
1038,"2020","Bihar","10","Bus",118.0,284.0
1039,"2020","Bihar","10","Car",174.0,455.0
1040,"2020","Bihar","10","Hand Drawn Vehicle/ Cycle Rickshaw",2.0,13.0
1041,"2020","Bihar","10","Jeep",82.0,21.0
1042,"2020","Bihar","10","Other Motor Vehicles",15.0,14.0
1043,"2020","Bihar","10","Others",4.0,28.0
1044,"2020","Bihar","10","Pedestrian",67.0,284.0
1045,"2020","Bihar","10","Suv/Station Wagon/Etc.",121.0,246.0
1046,"2020","Bihar","10","Three Wheeler/Auto Rickshaw",192.0,460.0
1047,"2020","Bihar","10","Tractor",72.0,171.0
1048,"2020","Bihar","10","Truck/Lorry",271.0,627.0
1049,"2020","Bihar","10","Two Wheeler",1239.0,1591.0
1050,"2020","Chandigarh","4","Animal Drawn Vehicle",0.0,0.0
1051,"2020","Chandigarh","4","Bicycle",0.0,10.0
1052,"2020","Chandigarh","4","Bus",0.0,0.0
1053,"2020","Chandigarh","4","Car",0.0,1.0
1054,"2020","Chandigarh","4","Hand Drawn Vehicle/ Cycle Rickshaw",0.0,4.0
1055,"2020","Chandigarh","4","Jeep",0.0,0.0
1056,"2020","Chandigarh","4","Other Motor Vehicles",0.0,0.0
1057,"2020","Chandigarh","4","Others",0.0,0.0
1058,"2020","Chandigarh","4","Pedestrian",0.0,12.0
1059,"2020","Chandigarh","4","Suv/Station Wagon/Etc.",0.0,2.0
1060,"2020","Chandigarh","4","Three Wheeler/Auto Rickshaw",0.0,0.0
1061,"2020","Chandigarh","4","Tractor",0.0,0.0
1062,"2020","Chandigarh","4","Truck/Lorry",0.0,1.0
1063,"2020","Chandigarh","4","Two Wheeler",0.0,23.0
1064,"2020","Chhattisgarh","22","Animal Drawn Vehicle",2.0,0.0
1065,"2020","Chhattisgarh","22","Bicycle",57.0,94.0
1066,"2020","Chhattisgarh","22","Bus",26.0,27.0
1067,"2020","Chhattisgarh","22","Car",126.0,192.0
1068,"2020","Chhattisgarh","22","Hand Drawn Vehicle/ Cycle Rickshaw",0.0,0.0
1069,"2020","Chhattisgarh","22","Jeep",3.0,6.0
1070,"2020","Chhattisgarh","22","Other Motor Vehicles",46.0,179.0
1071,"2020","Chhattisgarh","22","Others",21.0,18.0
1072,"2020","Chhattisgarh","22","Pedestrian",13.0,388.0
1073,"2020","Chhattisgarh","22","Suv/Station Wagon/Etc.",54.0,92.0
1074,"2020","Chhattisgarh","22","Three Wheeler/Auto Rickshaw",14.0,33.0
1075,"2020","Chhattisgarh","22","Tractor",49.0,127.0
1076,"2020","Chhattisgarh","22","Truck/Lorry",171.0,184.0
1077,"2020","Chhattisgarh","22","Two Wheeler",1573.0,1121.0
1078,"2020","Delhi","7","Animal Drawn Vehicle",0.0,0.0
1079,"2020","Delhi","7","Bicycle",1.0,14.0
1080,"2020","Delhi","7","Bus",11.0,19.0
1081,"2020","Delhi","7","Car",83.0,193.0
1082,"2020","Delhi","7","Hand Drawn Vehicle/ Cycle Rickshaw",0.0,2.0
1083,"2020","Delhi","7","Jeep",1.0,6.0
1084,"2020","Delhi","7","Other Motor Vehicles",6.0,106.0
1085,"2020","Delhi","7","Others",3.0,19.0
1086,"2020","Delhi","7","Pedestrian",4.0,53.0
1087,"2020","Delhi","7","Suv/Station Wagon/Etc.",10.0,17.0
1088,"2020","Delhi","7","Three Wheeler/Auto Rickshaw",6.0,45.0
1089,"2020","Delhi","7","Tractor",2.0,0.0
1090,"2020","Delhi","7","Truck/Lorry",27.0,79.0
1091,"2020","Delhi","7","Two Wheeler",150.0,339.0
1092,"2020","Goa","30","Animal Drawn Vehicle",0.0,0.0
1093,"2020","Goa","30","Bicycle",0.0,2.0
1094,"2020","Goa","30","Bus",0.0,0.0
1095,"2020","Goa","30","Car",7.0,10.0
1096,"2020","Goa","30","Hand Drawn Vehicle/ Cycle Rickshaw",0.0,0.0
1097,"2020","Goa","30","Jeep",0.0,1.0
1098,"2020","Goa","30","Other Motor Vehicles",2.0,1.0
1099,"2020","Goa","30","Others",0.0,0.0
1100,"2020","Goa","30","Pedestrian",1.0,29.0
1101,"2020","Goa","30","Suv/Station Wagon/Etc.",0.0,0.0
1102,"2020","Goa","30","Three Wheeler/Auto Rickshaw",1.0,0.0
1103,"2020","Goa","30","Tractor",0.0,0.0
1104,"2020","Goa","30","Truck/Lorry",0.0,7.0
1105,"2020","Goa","30","Two Wheeler",82.0,81.0
1106,"2020","Gujarat","24","Animal Drawn Vehicle",0.0,0.0
1107,"2020","Gujarat","24","Bicycle",19.0,69.0
1108,"2020","Gujarat","24","Bus",19.0,84.0
1109,"2020","Gujarat","24","Car",277.0,658.0
1110,"2020","Gujarat","24","Hand Drawn Vehicle/ Cycle Rickshaw",0.0,12.0
1111,"2020","Gujarat","24","Jeep",42.0,97.0
1112,"2020","Gujarat","24","Other Motor Vehicles",7.0,23.0
1113,"2020","Gujarat","24","Others",3.0,24.0
1114,"2020","Gujarat","24","Pedestrian",7.0,817.0
1115,"2020","Gujarat","24","Suv/Station Wagon/Etc.",48.0,102.0
1116,"2020","Gujarat","24","Three Wheeler/Auto Rickshaw",99.0,260.0
1117,"2020","Gujarat","24","Tractor",17.0,58.0
1118,"2020","Gujarat","24","Truck/Lorry",194.0,484.0
1119,"2020","Gujarat","24","Two Wheeler",1276.0,1504.0
1120,"2020","Haryana","6","Animal Drawn Vehicle",1.0,22.0
1121,"2020","Haryana","6","Bicycle",19.0,28.0
1122,"2020","Haryana","6","Bus",13.0,72.0
1123,"2020","Haryana","6","Car",137.0,591.0
1124,"2020","Haryana","6","Hand Drawn Vehicle/ Cycle Rickshaw",0.0,1.0
1125,"2020","Haryana","6","Jeep",19.0,36.0
1126,"2020","Haryana","6","Other Motor Vehicles",49.0,238.0
1127,"2020","Haryana","6","Others",56.0,397.0
1128,"2020","Haryana","6","Pedestrian",379.0,315.0
1129,"2020","Haryana","6","Suv/Station Wagon/Etc.",20.0,111.0
1130,"2020","Haryana","6","Three Wheeler/Auto Rickshaw",19.0,44.0
1131,"2020","Haryana","6","Tractor",29.0,116.0
1132,"2020","Haryana","6","Truck/Lorry",82.0,480.0
1133,"2020","Haryana","6","Two Wheeler",596.0,761.0
1134,"2020","Himachal Pradesh","2","Animal Drawn Vehicle",0.0,0.0
1135,"2020","Himachal Pradesh","2","Bicycle",0.0,1.0
1136,"2020","Himachal Pradesh","2","Bus",11.0,10.0
1137,"2020","Himachal Pradesh","2","Car",203.0,120.0
1138,"2020","Himachal Pradesh","2","Hand Drawn Vehicle/ Cycle Rickshaw",0.0,0.0
1139,"2020","Himachal Pradesh","2","Jeep",42.0,40.0
1140,"2020","Himachal Pradesh","2","Other Motor Vehicles",2.0,6.0
1141,"2020","Himachal Pradesh","2","Others",0.0,0.0
1142,"2020","Himachal Pradesh","2","Pedestrian",0.0,24.0
1143,"2020","Himachal Pradesh","2","Suv/Station Wagon/Etc.",3.0,9.0
1144,"2020","Himachal Pradesh","2","Three Wheeler/Auto Rickshaw",0.0,4.0
1145,"2020","Himachal Pradesh","2","Tractor",19.0,13.0
1146,"2020","Himachal Pradesh","2","Truck/Lorry",48.0,78.0
1147,"2020","Himachal Pradesh","2","Two Wheeler",166.0,65.0
1148,"2020","Jammu And Kashmir","1","Animal Drawn Vehicle",0.0,1.0
1149,"2020","Jammu And Kashmir","1","Bicycle",0.0,1.0
1150,"2020","Jammu And Kashmir","1","Bus",33.0,52.0
1151,"2020","Jammu And Kashmir","1","Car",38.0,114.0
1152,"2020","Jammu And Kashmir","1","Hand Drawn Vehicle/ Cycle Rickshaw",0.0,0.0
1153,"2020","Jammu And Kashmir","1","Jeep",1.0,4.0
1154,"2020","Jammu And Kashmir","1","Other Motor Vehicles",11.0,9.0
1155,"2020","Jammu And Kashmir","1","Others",0.0,12.0
1156,"2020","Jammu And Kashmir","1","Pedestrian",4.0,57.0
1157,"2020","Jammu And Kashmir","1","Suv/Station Wagon/Etc.",40.0,40.0
1158,"2020","Jammu And Kashmir","1","Three Wheeler/Auto Rickshaw",4.0,4.0
1159,"2020","Jammu And Kashmir","1","Tractor",13.0,11.0
1160,"2020","Jammu And Kashmir","1","Truck/Lorry",47.0,67.0
1161,"2020","Jammu And Kashmir","1","Two Wheeler",91.0,77.0
1162,"2020","Jharkhand","20","Animal Drawn Vehicle",0.0,6.0
1163,"2020","Jharkhand","20","Bicycle",41.0,9.0
1164,"2020","Jharkhand","20","Bus",53.0,57.0
1165,"2020","Jharkhand","20","Car",214.0,163.0
1166,"2020","Jharkhand","20","Hand Drawn Vehicle/ Cycle Rickshaw",20.0,0.0
1167,"2020","Jharkhand","20","Jeep",52.0,51.0
1168,"2020","Jharkhand","20","Other Motor Vehicles",11.0,6.0
1169,"2020","Jharkhand","20","Others",4.0,10.0
1170,"2020","Jharkhand","20","Pedestrian",15.0,37.0
1171,"2020","Jharkhand","20","Suv/Station Wagon/Etc.",72.0,27.0
1172,"2020","Jharkhand","20","Three Wheeler/Auto Rickshaw",40.0,82.0
1173,"2020","Jharkhand","20","Tractor",23.0,14.0
1174,"2020","Jharkhand","20","Truck/Lorry",160.0,141.0
1175,"2020","Jharkhand","20","Two Wheeler",1079.0,657.0
1176,"2020","Karnataka","29","Animal Drawn Vehicle",2.0,14.0
1177,"2020","Karnataka","29","Bicycle",24.0,55.0
1178,"2020","Karnataka","29","Bus",22.0,155.0
1179,"2020","Karnataka","29","Car",420.0,970.0
1180,"2020","Karnataka","29","Hand Drawn Vehicle/ Cycle Rickshaw",0.0,0.0
1181,"2020","Karnataka","29","Jeep",57.0,48.0
1182,"2020","Karnataka","29","Other Motor Vehicles",15.0,37.0
1183,"2020","Karnataka","29","Others",52.0,250.0
1184,"2020","Karnataka","29","Pedestrian",3.0,1533.0
1185,"2020","Karnataka","29","Suv/Station Wagon/Etc.",26.0,71.0
1186,"2020","Karnataka","29","Three Wheeler/Auto Rickshaw",92.0,223.0
1187,"2020","Karnataka","29","Tractor",55.0,32.0
1188,"2020","Karnataka","29","Truck/Lorry",220.0,391.0
1189,"2020","Karnataka","29","Two Wheeler",2786.0,2207.0
1190,"2020","Kerala","32","Animal Drawn Vehicle",0.0,0.0
1191,"2020","Kerala","32","Bicycle",4.0,66.0
1192,"2020","Kerala","32","Bus",12.0,50.0
1193,"2020","Kerala","32","Car",60.0,219.0
1194,"2020","Kerala","32","Hand Drawn Vehicle/ Cycle Rickshaw",0.0,0.0
1195,"2020","Kerala","32","Jeep",10.0,13.0
1196,"2020","Kerala","32","Other Motor Vehicles",2.0,16.0
1197,"2020","Kerala","32","Others",1.0,14.0
1198,"2020","Kerala","32","Pedestrian",16.0,555.0
1199,"2020","Kerala","32","Suv/Station Wagon/Etc.",1.0,14.0
1200,"2020","Kerala","32","Three Wheeler/Auto Rickshaw",27.0,116.0
1201,"2020","Kerala","32","Tractor",2.0,3.0
1202,"2020","Kerala","32","Truck/Lorry",63.0,128.0
1203,"2020","Kerala","32","Two Wheeler",393.0,1192.0
1204,"2020","Ladakh","37","Animal Drawn Vehicle",0.0,0.0
1205,"2020","Ladakh","37","Bicycle",0.0,0.0
1206,"2020","Ladakh","37","Bus",0.0,0.0
1207,"2020","Ladakh","37","Car",5.0,6.0
1208,"2020","Ladakh","37","Hand Drawn Vehicle/ Cycle Rickshaw",0.0,0.0
1209,"2020","Ladakh","37","Jeep",1.0,0.0
1210,"2020","Ladakh","37","Other Motor Vehicles",2.0,2.0
1211,"2020","Ladakh","37","Others",0.0,0.0
1212,"2020","Ladakh","37","Pedestrian",0.0,0.0
1213,"2020","Ladakh","37","Suv/Station Wagon/Etc.",1.0,1.0
1214,"2020","Ladakh","37","Three Wheeler/Auto Rickshaw",0.0,0.0
1215,"2020","Ladakh","37","Tractor",2.0,0.0
1216,"2020","Ladakh","37","Truck/Lorry",3.0,4.0
1217,"2020","Ladakh","37","Two Wheeler",5.0,0.0
1218,"2020","Lakshadweep","31","Animal Drawn Vehicle",0.0,0.0
1219,"2020","Lakshadweep","31","Bicycle",0.0,0.0
1220,"2020","Lakshadweep","31","Bus",0.0,0.0
1221,"2020","Lakshadweep","31","Car",0.0,0.0
1222,"2020","Lakshadweep","31","Hand Drawn Vehicle/ Cycle Rickshaw",0.0,0.0
1223,"2020","Lakshadweep","31","Jeep",0.0,0.0
1224,"2020","Lakshadweep","31","Other Motor Vehicles",0.0,0.0
1225,"2020","Lakshadweep","31","Others",0.0,0.0
1226,"2020","Lakshadweep","31","Pedestrian",0.0,0.0
1227,"2020","Lakshadweep","31","Suv/Station Wagon/Etc.",0.0,0.0
1228,"2020","Lakshadweep","31","Three Wheeler/Auto Rickshaw",0.0,0.0
1229,"2020","Lakshadweep","31","Tractor",0.0,0.0
1230,"2020","Lakshadweep","31","Truck/Lorry",0.0,0.0
1231,"2020","Lakshadweep","31","Two Wheeler",0.0,0.0
1232,"2020","Madhya Pradesh","23","Animal Drawn Vehicle",2.0,0.0
1233,"2020","Madhya Pradesh","23","Bicycle",40.0,18.0
1234,"2020","Madhya Pradesh","23","Bus",160.0,235.0
1235,"2020","Madhya Pradesh","23","Car",518.0,1003.0
1236,"2020","Madhya Pradesh","23","Hand Drawn Vehicle/ Cycle Rickshaw",0.0,0.0
1237,"2020","Madhya Pradesh","23","Jeep",102.0,286.0
1238,"2020","Madhya Pradesh","23","Other Motor Vehicles",70.0,238.0
1239,"2020","Madhya Pradesh","23","Others",42.0,29.0
1240,"2020","Madhya Pradesh","23","Pedestrian",91.0,982.0
1241,"2020","Madhya Pradesh","23","Suv/Station Wagon/Etc.",207.0,290.0
1242,"2020","Madhya Pradesh","23","Three Wheeler/Auto Rickshaw",53.0,204.0
1243,"2020","Madhya Pradesh","23","Tractor",186.0,392.0
1244,"2020","Madhya Pradesh","23","Truck/Lorry",389.0,946.0
1245,"2020","Madhya Pradesh","23","Two Wheeler",2224.0,2958.0
1246,"2020","Maharashtra","27","Animal Drawn Vehicle",6.0,17.0
1247,"2020","Maharashtra","27","Bicycle",31.0,61.0
1248,"2020","Maharashtra","27","Bus",65.0,204.0
1249,"2020","Maharashtra","27","Car",457.0,836.0
1250,"2020","Maharashtra","27","Hand Drawn Vehicle/ Cycle Rickshaw",0.0,0.0
1251,"2020","Maharashtra","27","Jeep",143.0,214.0
1252,"2020","Maharashtra","27","Other Motor Vehicles",49.0,151.0
1253,"2020","Maharashtra","27","Others",29.0,100.0
1254,"2020","Maharashtra","27","Pedestrian",76.0,1100.0
1255,"2020","Maharashtra","27","Suv/Station Wagon/Etc.",48.0,124.0
1256,"2020","Maharashtra","27","Three Wheeler/Auto Rickshaw",123.0,288.0
1257,"2020","Maharashtra","27","Tractor",107.0,148.0
1258,"2020","Maharashtra","27","Truck/Lorry",553.0,1211.0
1259,"2020","Maharashtra","27","Two Wheeler",2711.0,3166.0
1260,"2020","Manipur","14","Animal Drawn Vehicle",0.0,0.0
1261,"2020","Manipur","14","Bicycle",3.0,0.0
1262,"2020","Manipur","14","Bus",0.0,0.0
1263,"2020","Manipur","14","Car",11.0,7.0
1264,"2020","Manipur","14","Hand Drawn Vehicle/ Cycle Rickshaw",0.0,0.0
1265,"2020","Manipur","14","Jeep",0.0,0.0
1266,"2020","Manipur","14","Other Motor Vehicles",7.0,0.0
1267,"2020","Manipur","14","Others",0.0,1.0
1268,"2020","Manipur","14","Pedestrian",5.0,16.0
1269,"2020","Manipur","14","Suv/Station Wagon/Etc.",5.0,0.0
1270,"2020","Manipur","14","Three Wheeler/Auto Rickshaw",2.0,1.0
1271,"2020","Manipur","14","Tractor",0.0,0.0
1272,"2020","Manipur","14","Truck/Lorry",22.0,8.0
1273,"2020","Manipur","14","Two Wheeler",22.0,17.0
1274,"2020","Meghalaya","17","Animal Drawn Vehicle",0.0,0.0
1275,"2020","Meghalaya","17","Bicycle",0.0,0.0
1276,"2020","Meghalaya","17","Bus",7.0,0.0
1277,"2020","Meghalaya","17","Car",16.0,12.0
1278,"2020","Meghalaya","17","Hand Drawn Vehicle/ Cycle Rickshaw",0.0,0.0
1279,"2020","Meghalaya","17","Jeep",4.0,0.0
1280,"2020","Meghalaya","17","Other Motor Vehicles",0.0,0.0
1281,"2020","Meghalaya","17","Others",2.0,1.0
1282,"2020","Meghalaya","17","Pedestrian",0.0,20.0
1283,"2020","Meghalaya","17","Suv/Station Wagon/Etc.",7.0,2.0
1284,"2020","Meghalaya","17","Three Wheeler/Auto Rickshaw",1.0,1.0
1285,"2020","Meghalaya","17","Tractor",0.0,0.0
1286,"2020","Meghalaya","17","Truck/Lorry",30.0,4.0
1287,"2020","Meghalaya","17","Two Wheeler",10.0,21.0
1288,"2020","Mizoram","15","Animal Drawn Vehicle",0.0,0.0
1289,"2020","Mizoram","15","Bicycle",0.0,0.0
1290,"2020","Mizoram","15","Bus",0.0,0.0
1291,"2020","Mizoram","15","Car",5.0,6.0
1292,"2020","Mizoram","15","Hand Drawn Vehicle/ Cycle Rickshaw",0.0,0.0
1293,"2020","Mizoram","15","Jeep",1.0,1.0
1294,"2020","Mizoram","15","Other Motor Vehicles",0.0,0.0
1295,"2020","Mizoram","15","Others",0.0,0.0
1296,"2020","Mizoram","15","Pedestrian",0.0,0.0
1297,"2020","Mizoram","15","Suv/Station Wagon/Etc.",3.0,4.0
1298,"2020","Mizoram","15","Three Wheeler/Auto Rickshaw",0.0,0.0
1299,"2020","Mizoram","15","Tractor",0.0,0.0
1300,"2020","Mizoram","15","Truck/Lorry",7.0,5.0
1301,"2020","Mizoram","15","Two Wheeler",16.0,5.0
1302,"2020","Nagaland","13","Animal Drawn Vehicle",0.0,0.0
1303,"2020","Nagaland","13","Bicycle",0.0,0.0
1304,"2020","Nagaland","13","Bus",0.0,0.0
1305,"2020","Nagaland","13","Car",5.0,2.0
1306,"2020","Nagaland","13","Hand Drawn Vehicle/ Cycle Rickshaw",0.0,0.0
1307,"2020","Nagaland","13","Jeep",0.0,1.0
1308,"2020","Nagaland","13","Other Motor Vehicles",0.0,0.0
1309,"2020","Nagaland","13","Others",0.0,0.0
1310,"2020","Nagaland","13","Pedestrian",0.0,0.0
1311,"2020","Nagaland","13","Suv/Station Wagon/Etc.",3.0,0.0
1312,"2020","Nagaland","13","Three Wheeler/Auto Rickshaw",0.0,0.0
1313,"2020","Nagaland","13","Tractor",0.0,0.0
1314,"2020","Nagaland","13","Truck/Lorry",6.0,8.0
1315,"2020","Nagaland","13","Two Wheeler",2.0,0.0
1316,"2020","Odisha","21","Animal Drawn Vehicle",0.0,16.0
1317,"2020","Odisha","21","Bicycle",139.0,7.0
1318,"2020","Odisha","21","Bus",12.0,81.0
1319,"2020","Odisha","21","Car",180.0,212.0
1320,"2020","Odisha","21","Hand Drawn Vehicle/ Cycle Rickshaw",1.0,17.0
1321,"2020","Odisha","21","Jeep",14.0,11.0
1322,"2020","Odisha","21","Other Motor Vehicles",91.0,63.0
1323,"2020","Odisha","21","Others",209.0,148.0
1324,"2020","Odisha","21","Pedestrian",45.0,483.0
1325,"2020","Odisha","21","Suv/Station Wagon/Etc.",25.0,50.0
1326,"2020","Odisha","21","Three Wheeler/Auto Rickshaw",48.0,111.0
1327,"2020","Odisha","21","Tractor",12.0,17.0
1328,"2020","Odisha","21","Truck/Lorry",198.0,157.0
1329,"2020","Odisha","21","Two Wheeler",1676.0,715.0
1330,"2020","Puducherry","34","Animal Drawn Vehicle",0.0,0.0
1331,"2020","Puducherry","34","Bicycle",4.0,0.0
1332,"2020","Puducherry","34","Bus",5.0,0.0
1333,"2020","Puducherry","34","Car",13.0,0.0
1334,"2020","Puducherry","34","Hand Drawn Vehicle/ Cycle Rickshaw",0.0,0.0
1335,"2020","Puducherry","34","Jeep",0.0,0.0
1336,"2020","Puducherry","34","Other Motor Vehicles",0.0,0.0
1337,"2020","Puducherry","34","Others",64.0,0.0
1338,"2020","Puducherry","34","Pedestrian",0.0,0.0
1339,"2020","Puducherry","34","Suv/Station Wagon/Etc.",0.0,0.0
1340,"2020","Puducherry","34","Three Wheeler/Auto Rickshaw",0.0,0.0
1341,"2020","Puducherry","34","Tractor",0.0,0.0
1342,"2020","Puducherry","34","Truck/Lorry",2.0,0.0
1343,"2020","Puducherry","34","Two Wheeler",57.0,0.0
1344,"2020","Punjab","3","Animal Drawn Vehicle",1.0,66.0
1345,"2020","Punjab","3","Bicycle",59.0,113.0
1346,"2020","Punjab","3","Bus",23.0,74.0
1347,"2020","Punjab","3","Car",299.0,431.0
1348,"2020","Punjab","3","Hand Drawn Vehicle/ Cycle Rickshaw",0.0,5.0
1349,"2020","Punjab","3","Jeep",27.0,26.0
1350,"2020","Punjab","3","Other Motor Vehicles",3.0,63.0
1351,"2020","Punjab","3","Others",5.0,27.0
1352,"2020","Punjab","3","Pedestrian",76.0,286.0
1353,"2020","Punjab","3","Suv/Station Wagon/Etc.",86.0,173.0
1354,"2020","Punjab","3","Three Wheeler/Auto Rickshaw",31.0,89.0
1355,"2020","Punjab","3","Tractor",8.0,54.0
1356,"2020","Punjab","3","Truck/Lorry",117.0,219.0
1357,"2020","Punjab","3","Two Wheeler",550.0,1005.0
1358,"2020","Rajasthan","8","Animal Drawn Vehicle",5.0,22.0
1359,"2020","Rajasthan","8","Bicycle",5.0,21.0
1360,"2020","Rajasthan","8","Bus",85.0,305.0
1361,"2020","Rajasthan","8","Car",359.0,1034.0
1362,"2020","Rajasthan","8","Hand Drawn Vehicle/ Cycle Rickshaw",0.0,0.0
1363,"2020","Rajasthan","8","Jeep",120.0,313.0
1364,"2020","Rajasthan","8","Other Motor Vehicles",136.0,491.0
1365,"2020","Rajasthan","8","Others",33.0,30.0
1366,"2020","Rajasthan","8","Pedestrian",57.0,631.0
1367,"2020","Rajasthan","8","Suv/Station Wagon/Etc.",122.0,261.0
1368,"2020","Rajasthan","8","Three Wheeler/Auto Rickshaw",43.0,131.0
1369,"2020","Rajasthan","8","Tractor",72.0,293.0
1370,"2020","Rajasthan","8","Truck/Lorry",420.0,997.0
1371,"2020","Rajasthan","8","Two Wheeler",1552.0,1714.0
1372,"2020","Sikkim","11","Animal Drawn Vehicle",0.0,0.0
1373,"2020","Sikkim","11","Bicycle",0.0,0.0
1374,"2020","Sikkim","11","Bus",0.0,0.0
1375,"2020","Sikkim","11","Car",6.0,4.0
1376,"2020","Sikkim","11","Hand Drawn Vehicle/ Cycle Rickshaw",0.0,0.0
1377,"2020","Sikkim","11","Jeep",0.0,1.0
1378,"2020","Sikkim","11","Other Motor Vehicles",0.0,0.0
1379,"2020","Sikkim","11","Others",0.0,0.0
1380,"2020","Sikkim","11","Pedestrian",0.0,0.0
1381,"2020","Sikkim","11","Suv/Station Wagon/Etc.",9.0,9.0
1382,"2020","Sikkim","11","Three Wheeler/Auto Rickshaw",0.0,0.0
1383,"2020","Sikkim","11","Tractor",0.0,0.0
1384,"2020","Sikkim","11","Truck/Lorry",5.0,2.0
1385,"2020","Sikkim","11","Two Wheeler",4.0,2.0
1386,"2020","Tamil Nadu","33","Animal Drawn Vehicle",4.0,4.0
1387,"2020","Tamil Nadu","33","Bicycle",89.0,214.0
1388,"2020","Tamil Nadu","33","Bus",75.0,155.0
1389,"2020","Tamil Nadu","33","Car",336.0,540.0
1390,"2020","Tamil Nadu","33","Hand Drawn Vehicle/ Cycle Rickshaw",1.0,3.0
1391,"2020","Tamil Nadu","33","Jeep",34.0,36.0
1392,"2020","Tamil Nadu","33","Other Motor Vehicles",34.0,139.0
1393,"2020","Tamil Nadu","33","Others",24.0,126.0
1394,"2020","Tamil Nadu","33","Pedestrian",244.0,920.0
1395,"2020","Tamil Nadu","33","Suv/Station Wagon/Etc.",48.0,135.0
1396,"2020","Tamil Nadu","33","Three Wheeler/Auto Rickshaw",175.0,163.0
1397,"2020","Tamil Nadu","33","Tractor",12.0,68.0
1398,"2020","Tamil Nadu","33","Truck/Lorry",203.0,307.0
1399,"2020","Tamil Nadu","33","Two Wheeler",1637.0,2333.0
1400,"2020","Telangana","36","Animal Drawn Vehicle",0.0,1.0
1401,"2020","Telangana","36","Bicycle",0.0,51.0
1402,"2020","Telangana","36","Bus",28.0,166.0
1403,"2020","Telangana","36","Car",151.0,526.0
1404,"2020","Telangana","36","Hand Drawn Vehicle/ Cycle Rickshaw",0.0,0.0
1405,"2020","Telangana","36","Jeep",4.0,16.0
1406,"2020","Telangana","36","Other Motor Vehicles",0.0,0.0
1407,"2020","Telangana","36","Others",0.0,104.0
1408,"2020","Telangana","36","Pedestrian",0.0,486.0
1409,"2020","Telangana","36","Suv/Station Wagon/Etc.",11.0,139.0
1410,"2020","Telangana","36","Three Wheeler/Auto Rickshaw",89.0,351.0
1411,"2020","Telangana","36","Tractor",90.0,188.0
1412,"2020","Telangana","36","Truck/Lorry",86.0,432.0
1413,"2020","Telangana","36","Two Wheeler",1821.0,2142.0
1414,"2020","The Dadra And Nagar Haveli And Daman And Diu","38","Animal Drawn Vehicle",0.0,0.0
1415,"2020","The Dadra And Nagar Haveli And Daman And Diu","38","Bicycle",0.0,1.0
1416,"2020","The Dadra And Nagar Haveli And Daman And Diu","38","Bus",0.0,0.0
1417,"2020","The Dadra And Nagar Haveli And Daman And Diu","38","Car",0.0,8.0
1418,"2020","The Dadra And Nagar Haveli And Daman And Diu","38","Hand Drawn Vehicle/ Cycle Rickshaw",0.0,0.0
1419,"2020","The Dadra And Nagar Haveli And Daman And Diu","38","Jeep",0.0,0.0
1420,"2020","The Dadra And Nagar Haveli And Daman And Diu","38","Other Motor Vehicles",0.0,0.0
1421,"2020","The Dadra And Nagar Haveli And Daman And Diu","38","Others",0.0,0.0
1422,"2020","The Dadra And Nagar Haveli And Daman And Diu","38","Pedestrian",0.0,6.0
1423,"2020","The Dadra And Nagar Haveli And Daman And Diu","38","Suv/Station Wagon/Etc.",0.0,0.0
1424,"2020","The Dadra And Nagar Haveli And Daman And Diu","38","Three Wheeler/Auto Rickshaw",0.0,0.0
1425,"2020","The Dadra And Nagar Haveli And Daman And Diu","38","Tractor",1.0,0.0
1426,"2020","The Dadra And Nagar Haveli And Daman And Diu","38","Truck/Lorry",0.0,16.0
1427,"2020","The Dadra And Nagar Haveli And Daman And Diu","38","Two Wheeler",21.0,11.0
1428,"2020","Tripura","16","Animal Drawn Vehicle",0.0,0.0
1429,"2020","Tripura","16","Bicycle",2.0,4.0
1430,"2020","Tripura","16","Bus",0.0,1.0
1431,"2020","Tripura","16","Car",2.0,19.0
1432,"2020","Tripura","16","Hand Drawn Vehicle/ Cycle Rickshaw",0.0,0.0
1433,"2020","Tripura","16","Jeep",0.0,5.0
1434,"2020","Tripura","16","Other Motor Vehicles",0.0,1.0
1435,"2020","Tripura","16","Others",1.0,4.0
1436,"2020","Tripura","16","Pedestrian",3.0,38.0
1437,"2020","Tripura","16","Suv/Station Wagon/Etc.",0.0,0.0
1438,"2020","Tripura","16","Three Wheeler/Auto Rickshaw",3.0,3.0
1439,"2020","Tripura","16","Tractor",0.0,0.0
1440,"2020","Tripura","16","Truck/Lorry",5.0,15.0
1441,"2020","Tripura","16","Two Wheeler",37.0,49.0
1442,"2020","Uttar Pradesh","9","Animal Drawn Vehicle",5.0,75.0
1443,"2020","Uttar Pradesh","9","Bicycle",46.0,143.0
1444,"2020","Uttar Pradesh","9","Bus",82.0,643.0
1445,"2020","Uttar Pradesh","9","Car",639.0,2551.0
1446,"2020","Uttar Pradesh","9","Hand Drawn Vehicle/ Cycle Rickshaw",2.0,13.0
1447,"2020","Uttar Pradesh","9","Jeep",36.0,534.0
1448,"2020","Uttar Pradesh","9","Other Motor Vehicles",89.0,216.0
1449,"2020","Uttar Pradesh","9","Others",273.0,464.0
1450,"2020","Uttar Pradesh","9","Pedestrian",0.0,0.0
1451,"2020","Uttar Pradesh","9","Suv/Station Wagon/Etc.",229.0,1109.0
1452,"2020","Uttar Pradesh","9","Three Wheeler/Auto Rickshaw",205.0,728.0
1453,"2020","Uttar Pradesh","9","Tractor",112.0,502.0
1454,"2020","Uttar Pradesh","9","Truck/Lorry",834.0,3772.0
1455,"2020","Uttar Pradesh","9","Two Wheeler",1639.0,4096.0
1456,"2020","Uttarakhand","5","Animal Drawn Vehicle",0.0,0.0
1457,"2020","Uttarakhand","5","Bicycle",12.0,17.0
1458,"2020","Uttarakhand","5","Bus",1.0,6.0
1459,"2020","Uttarakhand","5","Car",85.0,76.0
1460,"2020","Uttarakhand","5","Hand Drawn Vehicle/ Cycle Rickshaw",0.0,0.0
1461,"2020","Uttarakhand","5","Jeep",15.0,5.0
1462,"2020","Uttarakhand","5","Other Motor Vehicles",17.0,18.0
1463,"2020","Uttarakhand","5","Others",0.0,0.0
1464,"2020","Uttarakhand","5","Pedestrian",0.0,59.0
1465,"2020","Uttarakhand","5","Suv/Station Wagon/Etc.",6.0,3.0
1466,"2020","Uttarakhand","5","Three Wheeler/Auto Rickshaw",3.0,10.0
1467,"2020","Uttarakhand","5","Tractor",5.0,5.0
1468,"2020","Uttarakhand","5","Truck/Lorry",30.0,22.0
1469,"2020","Uttarakhand","5","Two Wheeler",172.0,126.0
1470,"2020","West Bengal","19","Animal Drawn Vehicle",0.0,0.0
1471,"2020","West Bengal","19","Bicycle",22.0,17.0
1472,"2020","West Bengal","19","Bus",67.0,307.0
1473,"2020","West Bengal","19","Car",119.0,599.0
1474,"2020","West Bengal","19","Hand Drawn Vehicle/ Cycle Rickshaw",1.0,1.0
1475,"2020","West Bengal","19","Jeep",7.0,7.0
1476,"2020","West Bengal","19","Other Motor Vehicles",76.0,290.0
1477,"2020","West Bengal","19","Others",8.0,118.0
1478,"2020","West Bengal","19","Pedestrian",34.0,297.0
1479,"2020","West Bengal","19","Suv/Station Wagon/Etc.",63.0,188.0
1480,"2020","West Bengal","19","Three Wheeler/Auto Rickshaw",34.0,95.0
1481,"2020","West Bengal","19","Tractor",14.0,105.0
1482,"2020","West Bengal","19","Truck/Lorry",342.0,986.0
1483,"2020","West Bengal","19","Two Wheeler",568.0,806.0
